node_id,bipartite,node_type,label,author_name,author_handle,num_comments,num_videos_commented,degree,weighted_degree,title,channel_name,channel_id,category,view_count
UC-HeUTT6_g-VoiWds2a4H-w,0,autor,/@JorgeMunoz-gd9et,@JorgeMunoz-gd9et,/@JorgeMunoz-gd9et,1.0,1.0,1,1,,,,,
UC-Iul5tDYH_oiAMXQH-KaaQ,0,autor,/@AlbertoMancilla-p9h,@AlbertoMancilla-p9h,/@AlbertoMancilla-p9h,1.0,1.0,1,1,,,,,
UC-QOpE7GOxlXcHZ8b7HbQKA,0,autor,/@mariaalexander427,@mariaalexander427,/@mariaalexander427,2.0,1.0,1,2,,,,,
UC-fiZBS5Gp1eCJd9ucgWnCg,0,autor,/@Tommii.10,@Tommii.10,/@Tommii.10,1.0,1.0,1,1,,,,,
UC-hfX8J5JPJ-dfuakzegMLA,0,autor,/@normaleticiaorozcojuarez2418,@normaleticiaorozcojuarez2418,/@normaleticiaorozcojuarez2418,1.0,1.0,1,1,,,,,
UC-jS_kA9w-OmpupXDx156Rg,0,autor,/@simoncreyesc7579,@simoncreyesc7579,/@simoncreyesc7579,1.0,1.0,1,1,,,,,
UC-pNP6RMFuLg_-x7Ah_0kEA,0,autor,/@almacatalan2717,@almacatalan2717,/@almacatalan2717,1.0,1.0,1,1,,,,,
UC094EFEmMSdwVa8NQjjYBXg,0,autor,/@CelestinoQuej-j7k,@CelestinoQuej-j7k,/@CelestinoQuej-j7k,1.0,1.0,1,1,,,,,
UC0HvfEWozTHbwl_iEmJNvVA,0,autor,/@OttoPalencia-b7r,@OttoPalencia-b7r,/@OttoPalencia-b7r,1.0,1.0,1,1,,,,,
UC0RpuMwkDKJYqgKHtsJRuWQ,0,autor,/@sabinamarinaguerra3248,@sabinamarinaguerra3248,/@sabinamarinaguerra3248,1.0,1.0,1,1,,,,,
UC0aEyakBPqcBkVJiErfSupQ,0,autor,/@jhonymanuel9891,@jhonymanuel9891,/@jhonymanuel9891,1.0,1.0,1,1,,,,,
UC14qlobYKqD-DO0j6b75lcA,0,autor,/@megavision4488,@megavision4488,/@megavision4488,1.0,1.0,1,1,,,,,
UC1DpqK6vaPEkBOMNvypsKYg,0,autor,/@HectorCarranza-u4j4o,@HectorCarranza-u4j4o,/@HectorCarranza-u4j4o,1.0,1.0,1,1,,,,,
UC1NiEdJ7gk6FlDexIalWnGg,0,autor,/@BorisTebal%C3%A1n,@BorisTebalán,/@BorisTebal%C3%A1n,1.0,1.0,1,1,,,,,
UC1WlJfQmaIskYhP4gmWoamw,0,autor,/@marthareiss5434,@marthareiss5434,/@marthareiss5434,1.0,1.0,1,1,,,,,
UC1Y7x3h0c95Z8kUhi-Tzaeg,0,autor,/@rosadiaz9235,@rosadiaz9235,/@rosadiaz9235,1.0,1.0,1,1,,,,,
UC1vr9aaMI2crB0NvwFHUeoQ,0,autor,/@JoseSimilox-p6e,@JoseSimilox-p6e,/@JoseSimilox-p6e,1.0,1.0,1,1,,,,,
UC2Y_EHWQKevubk4vOEBBFxw,0,autor,/@alfonsomorales2653,@alfonsomorales2653,/@alfonsomorales2653,1.0,1.0,1,1,,,,,
UC2ngpd8UBQu4gcUYy0goAtg,0,autor,/@juliohernandez7438,@juliohernandez7438,/@juliohernandez7438,1.0,1.0,1,1,,,,,
UC2weSE8rpqkGMOp6StYtVfg,0,autor,/@katerynsantiago2907,@katerynsantiago2907,/@katerynsantiago2907,1.0,1.0,1,1,,,,,
UC32oozucwCF3q8d4m8fyOUg,0,autor,/@RauldejesusOlivagonzalez,@RauldejesusOlivagonzalez,/@RauldejesusOlivagonzalez,1.0,1.0,1,1,,,,,
UC3E9mAgP7VoAE5mZoAexl5g,0,autor,/@EnnioAroche,@EnnioAroche,/@EnnioAroche,1.0,1.0,1,1,,,,,
UC3MYTqpQqlWBuCB7Th0e0PA,0,autor,/@isaaclopez7220,@isaaclopez7220,/@isaaclopez7220,1.0,1.0,1,1,,,,,
UC3NMzdMYryaw82kPTnsaljg,0,autor,/@marisosa7832,@marisosa7832,/@marisosa7832,1.0,1.0,1,1,,,,,
UC3UVO7pTbeYvZ3ILEyRDskQ,0,autor,/@rosaelenaargueta79,@rosaelenaargueta79,/@rosaelenaargueta79,1.0,1.0,1,1,,,,,
UC3XTwHxygNCgjndsg-UiCQA,0,autor,/@marioajset4283,@marioajset4283,/@marioajset4283,3.0,1.0,1,3,,,,,
UC3YpzAr7pcdKC7BVFEpYzog,0,autor,/@carmenfigueroa1232,@carmenfigueroa1232,/@carmenfigueroa1232,1.0,1.0,1,1,,,,,
UC3iIU62XKUOWuqL8BqBzj9A,0,autor,/@antonioduarte2288,@antonioduarte2288,/@antonioduarte2288,1.0,1.0,1,1,,,,,
UC3qn1yJA5PeW9rkGPatQxiw,0,autor,/@VICTOREST19,@VICTOREST19,/@VICTOREST19,1.0,1.0,1,1,,,,,
UC4Avya4kmR4Q0FrfFdBozSQ,0,autor,/@davidlima1348,@davidlima1348,/@davidlima1348,1.0,1.0,1,1,,,,,
UC4cXueR2bKGFJV0Fk76gwmA,0,autor,/@aluxdel4792,@aluxdel4792,/@aluxdel4792,1.0,1.0,1,1,,,,,
UC4kg7zuTfqQKLd2bkZrSYBA,0,autor,/@zoilagarcia9019,@zoilagarcia9019,/@zoilagarcia9019,1.0,1.0,1,1,,,,,
UC4wq3DcbfaG6dtCqn8Oyu3w,0,autor,/@hugoasencio7764,@hugoasencio7764,/@hugoasencio7764,1.0,1.0,1,1,,,,,
UC5H8ASmMC9WrURmzeB4ySog,0,autor,/@ManuelEdran,@ManuelEdran,/@ManuelEdran,5.0,1.0,1,5,,,,,
UC5PrBbmUlQolwqmiru7yZhw,0,autor,/@lazarochavez8269,@lazarochavez8269,/@lazarochavez8269,1.0,1.0,1,1,,,,,
UC5PyGvSfFM--OVKmQ3COu6g,0,autor,/@FreddyGmez,@FreddyGmez,/@FreddyGmez,1.0,1.0,1,1,,,,,
UC5bG9nc_JV3FsNP2KseQiYw,0,autor,/@giovannirodas4836,@giovannirodas4836,/@giovannirodas4836,1.0,1.0,1,1,,,,,
UC5fvhAfm89JH8eDFdvc0xYw,0,autor,/@isaidiaz2388,@isaidiaz2388,/@isaidiaz2388,1.0,1.0,1,1,,,,,
UC5hvEnRUzI4Kfvwnyi4QxqQ,0,autor,/@leonelsantizo5281,@leonelsantizo5281,/@leonelsantizo5281,1.0,1.0,1,1,,,,,
UC5wuDq3U3vRAhOQI3D7gNdw,0,autor,/@allanreneramirezgonzalez534,@allanreneramirezgonzalez534,/@allanreneramirezgonzalez534,1.0,1.0,1,1,,,,,
UC63tFvbQ_hJhGDi2nbjssjw,0,autor,/@AbigailRodas-w2r,@AbigailRodas-w2r,/@AbigailRodas-w2r,1.0,1.0,1,1,,,,,
UC650pRT-OYzny3GwOH8Cgfw,0,autor,/@edvinparedesherrera7632,@edvinparedesherrera7632,/@edvinparedesherrera7632,1.0,1.0,1,1,,,,,
UC6PvO1_k5lHKGdAPo5_C6TA,0,autor,/@johnmejia992,@johnmejia992,/@johnmejia992,1.0,1.0,1,1,,,,,
UC6Uj1FT5JjDSF8vudvDxPAA,0,autor,/@alfredoortega9264,@alfredoortega9264,/@alfredoortega9264,1.0,1.0,1,1,,,,,
UC6YSZqL0vEcI-niPKIMUGfw,0,autor,/@maxwellsales885,@maxwellsales885,/@maxwellsales885,1.0,1.0,1,1,,,,,
UC6xI_MOaxajIWpoP8BH6E_Q,0,autor,/@jahirdiaz5862,@jahirdiaz5862,/@jahirdiaz5862,1.0,1.0,1,1,,,,,
UC72gBAtyb_VXQlYDcFrh6oQ,0,autor,/@osmanmorales3012,@osmanmorales3012,/@osmanmorales3012,3.0,1.0,1,3,,,,,
UC7IMsCxfZyWN7YQo8-JYa6Q,0,autor,/@Burgos68,@Burgos68,/@Burgos68,2.0,1.0,1,2,,,,,
UC7VUuJr9cGh845CmTvf7TlQ,0,autor,/@LuisCastillo-oz4df,@LuisCastillo-oz4df,/@LuisCastillo-oz4df,1.0,1.0,1,1,,,,,
UC7dadZG7kkGYnsNu6td0FbA,0,autor,/@lesolorzano,@lesolorzano,/@lesolorzano,1.0,1.0,1,1,,,,,
UC816IGbFCZinfYS1LRDaaHg,0,autor,/@ingenieroar,@ingenieroar,/@ingenieroar,1.0,1.0,1,1,,,,,
UC8F2V63KZ4ZEay6opX2hAQw,0,autor,/@carmenr6311,@carmenr6311,/@carmenr6311,1.0,1.0,1,1,,,,,
UC8G5cJONY8L9voMyBW8Eoug,0,autor,/@luisparedes-pw6qt,@luisparedes-pw6qt,/@luisparedes-pw6qt,1.0,1.0,1,1,,,,,
UC8r11yOugM2NuRfitQOxLLg,0,autor,/@cesaraugustomoralesmonroy6907,@cesaraugustomoralesmonroy6907,/@cesaraugustomoralesmonroy6907,1.0,1.0,1,1,,,,,
UC8xlJWNHz1V_W6q3fbuQH8g,0,autor,/@NormaL%C3%B3pez-v7e,@NormaLópez-v7e,/@NormaL%C3%B3pez-v7e,1.0,1.0,1,1,,,,,
UC95PSMouTx2N5CbSq0hIyrQ,0,autor,/@lisss1908,@lisss1908,/@lisss1908,1.0,1.0,1,1,,,,,
UC9Wp6vL5oCU37qC3Aj94WZA,0,autor,/@ManuelSanchez-b8q2z,@ManuelSanchez-b8q2z,/@ManuelSanchez-b8q2z,1.0,1.0,1,1,,,,,
UC9vMq1YF-e7C-VO0SHkbUTA,0,autor,/@ErvinLeonardoCarreraLat%C3%ADn,@ErvinLeonardoCarreraLatín,/@ErvinLeonardoCarreraLat%C3%ADn,4.0,1.0,1,4,,,,,
UC9xr9QvIcDvoZNUX5f-jaZw,0,autor,/@MariaaliciaColonmorales,@MariaaliciaColonmorales,/@MariaaliciaColonmorales,1.0,1.0,1,1,,,,,
UCA93ym2TXs_Ibyxb4Vcn-6Q,0,autor,/@oswaldosolis8728,@oswaldosolis8728,/@oswaldosolis8728,1.0,1.0,1,1,,,,,
UCAKuKvcbfnBD3kF5njNu-IA,0,autor,/@melvinlopez7096,@melvinlopez7096,/@melvinlopez7096,1.0,1.0,1,1,,,,,
UCAV7QIjYhbDJaycQycM_0eQ,0,autor,/@mariavail8998,@mariavail8998,/@mariavail8998,1.0,1.0,1,1,,,,,
UCAlzM_N6xBlMYmM8EBzX86Q,0,autor,/@carlossoto3252,@carlossoto3252,/@carlossoto3252,1.0,1.0,1,1,,,,,
UCAmtbUiIrUIhikru0ZoTFig,0,autor,/@Aura-vf6dm,@Aura-vf6dm,/@Aura-vf6dm,1.0,1.0,1,1,,,,,
UCAxvOOHQk7dYPOajzFEVtbA,0,autor,/@ruddydepaz322,@ruddydepaz322,/@ruddydepaz322,2.0,1.0,1,2,,,,,
UCB5p8a5gklc80jJItP6xTHg,0,autor,/@ernestogamboa8737,@ernestogamboa8737,/@ernestogamboa8737,1.0,1.0,1,1,,,,,
UCBlm80VQ4YoV3bUJR_XhkaQ,0,autor,/@rosadiaz6945,@rosadiaz6945,/@rosadiaz6945,2.0,1.0,1,2,,,,,
UCBtB5dIyx-C16UN8ClUD2UA,0,autor,/@alexmonzon4257,@alexmonzon4257,/@alexmonzon4257,1.0,1.0,1,1,,,,,
UCCBYcToQ2dwkd6TJh0FSyDg,0,autor,/@lidiarodriguez3493,@lidiarodriguez3493,/@lidiarodriguez3493,1.0,1.0,1,1,,,,,
UCCUmP4PlbwgikVFpYwbtRTg,0,autor,/@alhvi,@alhvi,/@alhvi,1.0,1.0,1,1,,,,,
UCCaYwkkbQGcvFoUmothVdQQ,0,autor,/@OsvaldoAguirre-l3i,@OsvaldoAguirre-l3i,/@OsvaldoAguirre-l3i,1.0,1.0,1,1,,,,,
UCDIMztpVm7G27qBuiWuT6oQ,0,autor,/@lizardomorataya8274,@lizardomorataya8274,/@lizardomorataya8274,1.0,1.0,1,1,,,,,
UCDPWkUX3sNNaCx-m1dV4glA,0,autor,/@hectoroliva949,@hectoroliva949,/@hectoroliva949,1.0,1.0,1,1,,,,,
UCDQaQv0hr2SS_PO-CMEwVHg,0,autor,/@federicosaquimux1933,@federicosaquimux1933,/@federicosaquimux1933,1.0,1.0,1,1,,,,,
UCDUffaruH6dyUnUGwsTKpgg,0,autor,/@luisletona2842,@luisletona2842,/@luisletona2842,1.0,1.0,1,1,,,,,
UCDftMWXQoJ6nONfY7GVOVjg,0,autor,/@luisgpacheco5858,@luisgpacheco5858,/@luisgpacheco5858,1.0,1.0,1,1,,,,,
UCDlr1VadSucIZgZ171pRBjQ,0,autor,/@cuabatzjj5924,@cuabatzjj5924,/@cuabatzjj5924,1.0,1.0,1,1,,,,,
UCDrmf9y9nLgFY5wnA2hTuGA,0,autor,/@laboratorio5528,@laboratorio5528,/@laboratorio5528,1.0,1.0,1,1,,,,,
UCEHXl4VvvVpq-_4xC5tsbhg,0,autor,/@anibalg47,@anibalg47,/@anibalg47,1.0,1.0,1,1,,,,,
UCEgEQmRbtL5fwr9_DqAC--g,0,autor,/@ArielRodas-g5y,@ArielRodas-g5y,/@ArielRodas-g5y,1.0,1.0,1,1,,,,,
UCErZPJpHmLCsXs8ZWkAUupQ,0,autor,/@dorisl.garciaroche7763,@dorisl.garciaroche7763,/@dorisl.garciaroche7763,1.0,1.0,1,1,,,,,
UCFFrEmn6lPYiWyElpfzTy5Q,0,autor,/@denilsonlopez4083,@denilsonlopez4083,/@denilsonlopez4083,1.0,1.0,1,1,,,,,
UCFOxCyF926Y9eHhMeVoWLzw,0,autor,/@arielsarc09,@arielsarc09,/@arielsarc09,1.0,1.0,1,1,,,,,
UCFUuDARXdmmIrLppEqf-rFg,0,autor,/@allanmunoz7410,@allanmunoz7410,/@allanmunoz7410,1.0,1.0,1,1,,,,,
UCFhxtoeARHPnXXPcDrOU3Xg,0,autor,/@diegoalejandrolopezmendez205,@diegoalejandrolopezmendez205,/@diegoalejandrolopezmendez205,1.0,1.0,1,1,,,,,
UCFjudnPLoaSL1BaRuLahyHg,0,autor,/@HaroldoCastillo-rh9iw,@HaroldoCastillo-rh9iw,/@HaroldoCastillo-rh9iw,3.0,1.0,1,3,,,,,
UCFoIAE8k82D6AV-8gjjKaNg,0,autor,/@eddymunoz9789,@eddymunoz9789,/@eddymunoz9789,1.0,1.0,1,1,,,,,
UCFxE8GbokBrBsPEKM1xrOjQ,0,autor,/@JuanDavila-qd7qj,@JuanDavila-qd7qj,/@JuanDavila-qd7qj,1.0,1.0,1,1,,,,,
UCFybmWapGvBKcQod7cPPH9w,0,autor,/@vitalianochavez8382,@vitalianochavez8382,/@vitalianochavez8382,1.0,1.0,1,1,,,,,
UCGGHbtfbbe0o68etrOf0qxw,0,autor,/@karensussetteleonvargas9794,@karensussetteleonvargas9794,/@karensussetteleonvargas9794,1.0,1.0,1,1,,,,,
UCGX_UbAQOXGZknv5iqklwTA,0,autor,/@ronaldgarcia8522,@ronaldgarcia8522,/@ronaldgarcia8522,1.0,1.0,1,1,,,,,
UCGZMgmM92E3njyXNe9-kjAQ,0,autor,/@pasionpornada,@pasionpornada,/@pasionpornada,1.0,1.0,1,1,,,,,
UCGj2v6Gl5bN8NSrzJMXS-CA,0,autor,/@juliogutierrez492,@juliogutierrez492,/@juliogutierrez492,1.0,1.0,1,1,,,,,
UCGm3gRBEHGRJYmtCryZLtDw,0,autor,/@Jos%C3%A9Lopez-g6k,@JoséLopez-g6k,/@Jos%C3%A9Lopez-g6k,1.0,1.0,1,1,,,,,
UCGqKxQS-z3NZzZF-2w338AA,0,autor,/@samuelaguilar529,@samuelaguilar529,/@samuelaguilar529,1.0,1.0,1,1,,,,,
UCGzXwyCzMzGmjmCbH3Hg01Q,0,autor,/@FidelZacarias-ph7dy,@FidelZacarias-ph7dy,/@FidelZacarias-ph7dy,1.0,1.0,1,1,,,,,
UCHGd14aYuZZShLD73dkk6mg,0,autor,/@noemiherrera3152,@noemiherrera3152,/@noemiherrera3152,1.0,1.0,1,1,,,,,
UCHMQ_lDhibZ-XZ_3fo6oxwg,0,autor,/@crislexrubi4387,@crislexrubi4387,/@crislexrubi4387,1.0,1.0,1,1,,,,,
UCHTGCgY2l-DQJIvlA_cpa_Q,0,autor,/@virgiliogarcia3039,@virgiliogarcia3039,/@virgiliogarcia3039,3.0,2.0,2,3,,,,,
UCHbwIx9pmQuf7i-4_xO2EpA,0,autor,/@caminoseternos752,@caminoseternos752,/@caminoseternos752,1.0,1.0,1,1,,,,,
UCHhHUjaMAZ8SiXdCUCj9DkQ,0,autor,/@fredymendez1786,@fredymendez1786,/@fredymendez1786,2.0,1.0,1,2,,,,,
UCHu8x4MVkayU6VgwVKd--MQ,0,autor,/@Hernandez-i1o,@Hernandez-i1o,/@Hernandez-i1o,1.0,1.0,1,1,,,,,
UCIUhbSCy3-SGRe5UtqM4fzQ,0,autor,/@jeanmorales1677,@jeanmorales1677,/@jeanmorales1677,1.0,1.0,1,1,,,,,
UCIXLDYqR_syskKRJy_x9W9Q,0,autor,/@carlitosramirez4739,@carlitosramirez4739,/@carlitosramirez4739,1.0,1.0,1,1,,,,,
UCIgoiXdIKJyUGmUoH2Lxdzg,0,autor,/@susievidal4134,@susievidal4134,/@susievidal4134,1.0,1.0,1,1,,,,,
UCIp19h9igblA2YKfSLPDAug,0,autor,/@JoseReyes-rn6sh,@JoseReyes-rn6sh,/@JoseReyes-rn6sh,1.0,1.0,1,1,,,,,
UCJp3OrVYcBorC94sKwdch_A,0,autor,/@ULJoshmg2011,@ULJoshmg2011,/@ULJoshmg2011,1.0,1.0,1,1,,,,,
UCJxJC56BSAX-ArD0NAb9qnQ,0,autor,/@alfonsowilian9157,@alfonsowilian9157,/@alfonsowilian9157,1.0,1.0,1,1,,,,,
UCKDR0f2fu2UzWL8mBv5-BHw,0,autor,/@mireyamorales6595,@mireyamorales6595,/@mireyamorales6595,1.0,1.0,1,1,,,,,
UCKVzDUqbtdSMBcexaEtMmzQ,0,autor,/@rotorairgroup8409,@rotorairgroup8409,/@rotorairgroup8409,1.0,1.0,1,1,,,,,
UCL13XhnRzbGokEkCkEOb0-g,0,autor,/@raquelprado3643,@raquelprado3643,/@raquelprado3643,2.0,1.0,1,2,,,,,
UCL1MT278vSaQ83ZDkVWn1gw,0,autor,/@elmorodriguez6978,@elmorodriguez6978,/@elmorodriguez6978,1.0,1.0,1,1,,,,,
UCLFdHr9BEbXHkoJopbEPLZw,0,autor,/@kanterra4584,@kanterra4584,/@kanterra4584,2.0,1.0,1,2,,,,,
UCLXYp1Cvc5DLtq5UQL5D9vw,0,autor,/@jorgecifuentes-m5g,@jorgecifuentes-m5g,/@jorgecifuentes-m5g,1.0,1.0,1,1,,,,,
UCLggDc_a5HriXv7I1h02sOA,0,autor,/@guillermogonzalez5153,@guillermogonzalez5153,/@guillermogonzalez5153,2.0,1.0,1,2,,,,,
UCLh1Kde4_vI1sTZBkTNP7RQ,0,autor,/@JoelReynoso-d4r,@JoelReynoso-d4r,/@JoelReynoso-d4r,1.0,1.0,1,1,,,,,
UCN2N_wYOw6fMwCeSzdXLPIw,0,autor,/@danielantoniogonzalezflore4901,@danielantoniogonzalezflore4901,/@danielantoniogonzalezflore4901,1.0,1.0,1,1,,,,,
UCN6qbfPSzFtjhqUDZ3Cv3CQ,0,autor,/@carlosmedranovelasquez6380,@carlosmedranovelasquez6380,/@carlosmedranovelasquez6380,1.0,1.0,1,1,,,,,
UCNBnKqWf4d-rS4HwJRQljmQ,0,autor,/@LE_A22,@LE_A22,/@LE_A22,2.0,1.0,1,2,,,,,
UCNIeXbV_mEwpa412h1aqUWw,0,autor,/@juandeleon9060,@juandeleon9060,/@juandeleon9060,3.0,1.0,1,3,,,,,
UCNiMNUJvaRJb0_QLClqwVnA,0,autor,/@Santiago.Nolasco,@Santiago.Nolasco,/@Santiago.Nolasco,1.0,1.0,1,1,,,,,
UCNkcuy42zEwddwEcOd_HpnA,0,autor,/@vanigomez492,@vanigomez492,/@vanigomez492,1.0,1.0,1,1,,,,,
UCNpt5CQlTzNjlAKY6CJtClQ,0,autor,/@eustaquiogomez9975,@eustaquiogomez9975,/@eustaquiogomez9975,1.0,1.0,1,1,,,,,
UCO0zwwLWGyDgQmWPJ5Qrr1w,0,autor,/@elsalvador3605,@elsalvador3605,/@elsalvador3605,1.0,1.0,1,1,,,,,
UCOARn3hnfkB7-_Rwa8Hoqcw,0,autor,/@nicelol5241,@nicelol5241,/@nicelol5241,1.0,1.0,1,1,,,,,
UCOLGv5Pf6BF2wFcwUzgcvHg,0,autor,/@welfrealdana5559,@welfrealdana5559,/@welfrealdana5559,2.0,1.0,1,2,,,,,
UCOLHH4ZpMxPYF-Q6e6wvn5A,0,autor,/@luisroldan7374,@luisroldan7374,/@luisroldan7374,1.0,1.0,1,1,,,,,
UCOS8ViEkccrTZx2w2ccxotA,0,autor,/@OscarHernandez-q8y,@OscarHernandez-q8y,/@OscarHernandez-q8y,1.0,1.0,1,1,,,,,
UCOY3XpD9qMCRSA8AA8c4CAw,0,autor,/@franciscorodas9686,@franciscorodas9686,/@franciscorodas9686,1.0,1.0,1,1,,,,,
UCOcUI5XkTYNMSFhZNMIPpGg,0,autor,/@hendersonlopez3864,@hendersonlopez3864,/@hendersonlopez3864,1.0,1.0,1,1,,,,,
UCOh6DaZC_x9HASnlRylEMfw,0,autor,/@AndresMedina-v1s,@AndresMedina-v1s,/@AndresMedina-v1s,1.0,1.0,1,1,,,,,
UCPLW0HE3siElqCgXfgWxMqg,0,autor,/@elizabethmonterroso7719,@elizabethmonterroso7719,/@elizabethmonterroso7719,1.0,1.0,1,1,,,,,
UCPNXmbOBVeC4HS-xemvcPtQ,0,autor,/@BelkisRodriguezRamirez,@BelkisRodriguezRamirez,/@BelkisRodriguezRamirez,1.0,1.0,1,1,,,,,
UCPZueDLrCS4BmTBRMA4q0fA,0,autor,/@kevinochoa3695,@kevinochoa3695,/@kevinochoa3695,1.0,1.0,1,1,,,,,
UCQIdKuZ-OzuFqy0KjGrgesg,0,autor,/@lyacausa,@lyacausa,/@lyacausa,1.0,1.0,1,1,,,,,
UCQM2tCKRRytVDRxNUfCDqQQ,0,autor,/@elioelias7267,@elioelias7267,/@elioelias7267,1.0,1.0,1,1,,,,,
UCQMMuADgqWUOcJpLwHOzC-g,0,autor,/@Ripped-Yoda,@Ripped-Yoda,/@Ripped-Yoda,1.0,1.0,1,1,,,,,
UCQ_-LPP8JAbfkc-b1Q6NvWw,0,autor,/@MegaKristenstewart,@MegaKristenstewart,/@MegaKristenstewart,2.0,1.0,1,2,,,,,
UCQgYjVngJRfPHDLGB5X6ZjA,0,autor,/@oscarnavas9996,@oscarnavas9996,/@oscarnavas9996,1.0,1.0,1,1,,,,,
UCQqetiwzzmRNTM5OWuXarGQ,0,autor,/@isaiaslopezvelasquez1539,@isaiaslopezvelasquez1539,/@isaiaslopezvelasquez1539,1.0,1.0,1,1,,,,,
UCQqlPPUGqAfWjd-FSh_qn7Q,0,autor,/@estuardoargueta137,@estuardoargueta137,/@estuardoargueta137,1.0,1.0,1,1,,,,,
UCQtICyzWmhC5woCtbNgaSmg,0,autor,/@nestormendez6216,@nestormendez6216,/@nestormendez6216,2.0,1.0,1,2,,,,,
UCQtSFINs1h6GHkpg9o5kMvg,0,autor,/@MacarioMartinezruiz,@MacarioMartinezruiz,/@MacarioMartinezruiz,1.0,1.0,1,1,,,,,
UCQyOePccUP-fIJYzchAgZYw,0,autor,/@aguilar4254,@aguilar4254,/@aguilar4254,1.0,1.0,1,1,,,,,
UCRAquv8el-tQ30bN7MlmySQ,0,autor,/@iamjimalesssa,@iamjimalesssa,/@iamjimalesssa,1.0,1.0,1,1,,,,,
UCRETAiYdh2dL5ZxB0_N1zDA,0,autor,/@Joseroland21,@Joseroland21,/@Joseroland21,1.0,1.0,1,1,,,,,
UCRcSR3Lvn9DZAmJpVPANfZQ,0,autor,/@WalksandSuch,@WalksandSuch,/@WalksandSuch,1.0,1.0,1,1,,,,,
UCRelkU8JiZBytTzebJxaa-w,0,autor,/@danyraymundo2942,@danyraymundo2942,/@danyraymundo2942,1.0,1.0,1,1,,,,,
UCRfkkatKrNtAARnXMMYBGlA,0,autor,/@BernerSoza-mg3vx,@BernerSoza-mg3vx,/@BernerSoza-mg3vx,1.0,1.0,1,1,,,,,
UCRlCV9zSn7avAWh-9_XFWqQ,0,autor,/@ronyarana8849,@ronyarana8849,/@ronyarana8849,1.0,1.0,1,1,,,,,
UCRvPToDkkumha7WJAfCDk1A,0,autor,/@ligiaguerra3057,@ligiaguerra3057,/@ligiaguerra3057,1.0,1.0,1,1,,,,,
UCRznz9-N3Qc1w-qNdLSIY2Q,0,autor,/@jimmygomez724,@jimmygomez724,/@jimmygomez724,1.0,1.0,1,1,,,,,
UCSTAUWVc1_82DHYeqOsqEFA,0,autor,/@TheAlexX_C,@TheAlexX_C,/@TheAlexX_C,1.0,1.0,1,1,,,,,
UCSou6a2OuYGSvPjm5psquyA,0,autor,/@FranciscoRivera-sf7ne,@FranciscoRivera-sf7ne,/@FranciscoRivera-sf7ne,1.0,1.0,1,1,,,,,
UCTD6q1nyIe3Y7HhqjaMj72w,0,autor,/@JuanChang-r6k,@JuanChang-r6k,/@JuanChang-r6k,1.0,1.0,1,1,,,,,
UCTP3O0rMnc8z8v8jaDQwL0w,0,autor,/@RobertoZelaya-x1v,@RobertoZelaya-x1v,/@RobertoZelaya-x1v,1.0,1.0,1,1,,,,,
UCTTILH6QCIxbTnEWxwRqs1g,0,autor,/@3762Jorge,@3762Jorge,/@3762Jorge,1.0,1.0,1,1,,,,,
UCThW2XNsAaBKme5PUt7n-Zg,0,autor,/@thelmamoran8565,@thelmamoran8565,/@thelmamoran8565,1.0,1.0,1,1,,,,,
UCTwSut16JyAg3mX6LVUNGqA,0,autor,/@SuperVictor2005,@SuperVictor2005,/@SuperVictor2005,1.0,1.0,1,1,,,,,
UCTylKrsqkrBKIqubMu_5N0Q,0,autor,/@edwingeovanymarroquinmarro6684,@edwingeovanymarroquinmarro6684,/@edwingeovanymarroquinmarro6684,1.0,1.0,1,1,,,,,
UCUIIIPTVDVHAXqhC_5V6lPA,0,autor,/@gorrarota,@gorrarota,/@gorrarota,1.0,1.0,1,1,,,,,
UCUoYsrx1oZnCZ0usbBJn4fA,0,autor,/@AnaDiaz-re9sq,@AnaDiaz-re9sq,/@AnaDiaz-re9sq,1.0,1.0,1,1,,,,,
UCV0iizTBoOfdAFX_thfI9BA,0,autor,/@BenjaminLarios-jd8nk,@BenjaminLarios-jd8nk,/@BenjaminLarios-jd8nk,1.0,1.0,1,1,,,,,
UCV0lM03g5fg5pbPj97-sAtA,0,autor,/@genarodelgado3929,@genarodelgado3929,/@genarodelgado3929,1.0,1.0,1,1,,,,,
UCV3fr-YOixFKCZBbJP1-X4w,0,autor,/@albertoshernandez5251,@albertoshernandez5251,/@albertoshernandez5251,5.0,1.0,1,5,,,,,
UCVC2QugcI1G4RvlCiUqd1aQ,0,autor,/@rwdm76,@rwdm76,/@rwdm76,2.0,1.0,1,2,,,,,
UCVQf0tzL7xRzFJsABVVULpg,0,autor,/@DennisseLopetegi,@DennisseLopetegi,/@DennisseLopetegi,1.0,1.0,1,1,,,,,
UCVdjCrh4tQoX3haNAZv-n5A,0,autor,/@aurahernandez5646,@aurahernandez5646,/@aurahernandez5646,1.0,1.0,1,1,,,,,
UCVhif9eV0f8plICen2DnpKA,0,autor,/@blogarteplus,@blogarteplus,/@blogarteplus,1.0,1.0,1,1,,,,,
UCW-JC6lebVmf2P1dmY_L94g,0,autor,/@dinoraoroxon5771,@dinoraoroxon5771,/@dinoraoroxon5771,1.0,1.0,1,1,,,,,
UCW80DaMjQlEUibC98Cot-Dg,0,autor,/@rogeraldana4289,@rogeraldana4289,/@rogeraldana4289,1.0,1.0,1,1,,,,,
UCWIZUtKJ636y-4TYrNvok0g,0,autor,/@cesarandreas7824,@cesarandreas7824,/@cesarandreas7824,1.0,1.0,1,1,,,,,
UCWWkebAekppaL5b5CNlppuw,0,autor,/@ninettmartinez425,@ninettmartinez425,/@ninettmartinez425,1.0,1.0,1,1,,,,,
UCWaRixDdpgllTBf4V0jPnKQ,0,autor,/@hectormaaz5523,@hectormaaz5523,/@hectormaaz5523,2.0,1.0,1,2,,,,,
UCWoAVGVqCn4xtINCMOTM4jg,0,autor,/@OmarMartinez-vv8re,@OmarMartinez-vv8re,/@OmarMartinez-vv8re,1.0,1.0,1,1,,,,,
UCWvntqPQx99k_Z_skWKqNSA,0,autor,/@AntonioChiyal-x5s,@AntonioChiyal-x5s,/@AntonioChiyal-x5s,1.0,1.0,1,1,,,,,
UCXN2s7DwTJm33xO-pNkAdaA,0,autor,/@edithsan7688,@edithsan7688,/@edithsan7688,1.0,1.0,1,1,,,,,
UCXO1BBohNWXkK9SBDAG2ySg,0,autor,/@JBFlute92,@JBFlute92,/@JBFlute92,1.0,1.0,1,1,,,,,
UCXSkL3ejZ8qWYyF_M7s_QKA,0,autor,/@JacintaTzoy,@JacintaTzoy,/@JacintaTzoy,1.0,1.0,1,1,,,,,
UCXVLc8CmAO813ubM-fLvCDw,0,autor,/@herminiasaquimux7565,@herminiasaquimux7565,/@herminiasaquimux7565,1.0,1.0,1,1,,,,,
UCXXh7yg5KUFIWylTiKVEFKQ,0,autor,/@MrDuenderojo,@MrDuenderojo,/@MrDuenderojo,2.0,1.0,1,2,,,,,
UCXgr7vXlRrsaskPdo097kGA,0,autor,/@Rogergh-nw4oj,@Rogergh-nw4oj,/@Rogergh-nw4oj,1.0,1.0,1,1,,,,,
UCXl30Y_upRqbti52fmjK4YA,0,autor,/@capitanfrans,@capitanfrans,/@capitanfrans,1.0,1.0,1,1,,,,,
UCXmrpc6Li0spcKxtS0Q_ptg,0,autor,/@melvinperez6710,@melvinperez6710,/@melvinperez6710,1.0,1.0,1,1,,,,,
UCXr8_5WtGeipe4haOoQDgyQ,0,autor,/@amyherrera7352,@amyherrera7352,/@amyherrera7352,1.0,1.0,1,1,,,,,
UCY7Hq7F9Lnucf-Yr6JkHZNw,0,autor,/@maynorcalel1442,@maynorcalel1442,/@maynorcalel1442,1.0,1.0,1,1,,,,,
UCYN4wSQ1Sx4_LurxLlW7MPg,0,autor,/@belarminavillatoro6474,@belarminavillatoro6474,/@belarminavillatoro6474,1.0,1.0,1,1,,,,,
UCYwpX26TrCxq8TvbKGRYLXA,0,autor,/@beneficioelcaminovillacana8540,@beneficioelcaminovillacana8540,/@beneficioelcaminovillacana8540,1.0,1.0,1,1,,,,,
UCZ51R_9Q9C0c8I3pAWhtmjQ,0,autor,/@belvettzapeta1251,@belvettzapeta1251,/@belvettzapeta1251,1.0,1.0,1,1,,,,,
UCZFQwqh90apuL8eFhvRBkUg,0,autor,/@luisricardo9671,@luisricardo9671,/@luisricardo9671,1.0,1.0,1,1,,,,,
UCZIQnb1fkwe39Iw2TAu-bGA,0,autor,/@jorgegomez2237,@jorgegomez2237,/@jorgegomez2237,1.0,1.0,1,1,,,,,
UCZLG9qH0tUjNhEGFIUt0CYw,0,autor,/@SoniaMarroquin-y6e,@SoniaMarroquin-y6e,/@SoniaMarroquin-y6e,1.0,1.0,1,1,,,,,
UCZOmq6MwFDVoCaEl99BRRaw,0,autor,/@daniloarevalo3170,@daniloarevalo3170,/@daniloarevalo3170,1.0,1.0,1,1,,,,,
UCZeIIQrGAedW8tCbKWmGY-A,0,autor,/@mariocordon8873,@mariocordon8873,/@mariocordon8873,1.0,1.0,1,1,,,,,
UCZjm6U576nX8WOiLhmMR3bw,0,autor,/@MariaNavarroYT,@MariaNavarroYT,/@MariaNavarroYT,1.0,1.0,1,1,,,,,
UC_3xuTXvMIWU5MYP9HkJ3vQ,0,autor,/@Historia-wm4os,@Historia-wm4os,/@Historia-wm4os,1.0,1.0,1,1,,,,,
UC_6KbBY1bsYXz9fwFS0eQRg,0,autor,/@imrcp5694,@imrcp5694,/@imrcp5694,1.0,1.0,1,1,,,,,
UC_LYoGs5C3mbZKZuKuqYCvw,0,autor,/@javiercifuentesarchila6041,@javiercifuentesarchila6041,/@javiercifuentesarchila6041,1.0,1.0,1,1,,,,,
UC_NRVt2UP88ZNTwzrZ66JSg,0,autor,/@aditalissethevasquezrojas8039,@aditalissethevasquezrojas8039,/@aditalissethevasquezrojas8039,1.0,1.0,1,1,,,,,
UC_ljZ1hZXR9pzexFz87P5ZA,0,autor,/@ChRiStOpHeR7969,@ChRiStOpHeR7969,/@ChRiStOpHeR7969,1.0,1.0,1,1,,,,,
UCa36MjQLoPAmgJo-R3G8WQA,0,autor,/@elsasalguero6914,@elsasalguero6914,/@elsasalguero6914,1.0,1.0,1,1,,,,,
UCaKAjTW9MVub_clgr4DRYjQ,0,autor,/@josecastillo4390,@josecastillo4390,/@josecastillo4390,1.0,1.0,1,1,,,,,
UCaT4saRcyqCLE657Rq2hhZQ,0,autor,/@elmilenial4064,@elmilenial4064,/@elmilenial4064,1.0,1.0,1,1,,,,,
UCaT6M2zp7X6r6Whd8Vv3kHQ,0,autor,/@alexarcos8349,@alexarcos8349,/@alexarcos8349,1.0,1.0,1,1,,,,,
UCat2qkYvqmtDNEmo2PVuhXw,0,autor,/@DoraSalas-j5o,@DoraSalas-j5o,/@DoraSalas-j5o,1.0,1.0,1,1,,,,,
UCbNanjFI51cwGqMAb2rOrBw,0,autor,/@RosaMontesdeOca777,@RosaMontesdeOca777,/@RosaMontesdeOca777,1.0,1.0,1,1,,,,,
UCbYoNG5J3Au5BqtbXogfEFw,0,autor,/@Luis-gn3fj,@Luis-gn3fj,/@Luis-gn3fj,1.0,1.0,1,1,,,,,
UCbrtvygfRT6QXqWDNrOf-cA,0,autor,/@Alejandro00710,@Alejandro00710,/@Alejandro00710,2.0,2.0,2,2,,,,,
UCcFIBN-rtC3d3hXeuN5TfWw,0,autor,/@DenisRMC,@DenisRMC,/@DenisRMC,1.0,1.0,1,1,,,,,
UCc_F88PzGWtA1OPNUEASulA,0,autor,/@rockyscarlet,@rockyscarlet,/@rockyscarlet,1.0,1.0,1,1,,,,,
UCcfdg8crmMJwEuLUsAhV7yg,0,autor,/@RolandoRaguay,@RolandoRaguay,/@RolandoRaguay,1.0,1.0,1,1,,,,,
UCdFlugHJJa4l3YqWuNRmvXw,0,autor,/@MarcosCarillo-b1r,@MarcosCarillo-b1r,/@MarcosCarillo-b1r,2.0,2.0,2,2,,,,,
UCdQAuWwyC99MB7Y02Umj26Q,0,autor,/@miguelbran1268,@miguelbran1268,/@miguelbran1268,1.0,1.0,1,1,,,,,
UCe8JZoYkX5oKUZyivHYdXhw,0,autor,/@FernandoGarcia-jg1fj,@FernandoGarcia-jg1fj,/@FernandoGarcia-jg1fj,1.0,1.0,1,1,,,,,
UCeDNEtI8_a42bZ47wJiJMwQ,0,autor,/@EdgarcalderonCalderong,@EdgarcalderonCalderong,/@EdgarcalderonCalderong,1.0,1.0,1,1,,,,,
UCeQk-WfEA-cJRq4EKeE7TOw,0,autor,/@franciscojuarez9223,@franciscojuarez9223,/@franciscojuarez9223,1.0,1.0,1,1,,,,,
UCefAH1MbvADWUjE9WVcB9EQ,0,autor,/@jabriz8152,@jabriz8152,/@jabriz8152,1.0,1.0,1,1,,,,,
UCf5lnNZF7Qrtli9v4N_23WQ,0,autor,/@CarlosCortez-v5r,@CarlosCortez-v5r,/@CarlosCortez-v5r,1.0,1.0,1,1,,,,,
UCfM3nrxtTQMY5jFx1v1J4Gg,0,autor,/@edgarroldan5539,@edgarroldan5539,/@edgarroldan5539,1.0,1.0,1,1,,,,,
UCfRqgt2O-vjzUDMZY_tnxQw,0,autor,/@Williams-Garcia67E,@Williams-Garcia67E,/@Williams-Garcia67E,1.0,1.0,1,1,,,,,
UCfXykdbSU97rj987LDUGfvg,0,autor,/@MariaSantos-c8y3h,@MariaSantos-c8y3h,/@MariaSantos-c8y3h,1.0,1.0,1,1,,,,,
UCfjhejO7LZy4doXURa7LZCQ,0,autor,/@HonwayLee-z5g,@HonwayLee-z5g,/@HonwayLee-z5g,1.0,1.0,1,1,,,,,
UCfo_yUPzy1f1POwwZxhZ06Q,0,autor,/@lara11roberto,@lara11roberto,/@lara11roberto,1.0,1.0,1,1,,,,,
UCg3eIfd7BrsLEqS0BLkftHA,0,autor,/@ErmeP%C3%A9rez-q4s,@ErmePérez-q4s,/@ErmeP%C3%A9rez-q4s,3.0,1.0,1,3,,,,,
UCgGqw4aqMdMVSGkKiMgrJRQ,0,autor,/@pattyfigueroa5609,@pattyfigueroa5609,/@pattyfigueroa5609,1.0,1.0,1,1,,,,,
UCgJNFj5dnxXpcMvmuhZDPxA,0,autor,/@NataliaRodriguez-rx5mr,@NataliaRodriguez-rx5mr,/@NataliaRodriguez-rx5mr,1.0,1.0,1,1,,,,,
UCgLrWFdYitoP-b7-PxtUr-w,0,autor,/@zetag,@zetag,/@zetag,1.0,1.0,1,1,,,,,
UCgLurCo-e019HGODcjXHWCw,0,autor,/@perritojuega1,@perritojuega1,/@perritojuega1,1.0,1.0,1,1,,,,,
UCgQJgI9vu1FI2dnC9mrFthw,0,autor,/@srms70,@srms70,/@srms70,1.0,1.0,1,1,,,,,
UCgQw_Sbq3ugruDUKsq1e0-A,0,autor,/@marlenareano-h4t,@marlenareano-h4t,/@marlenareano-h4t,1.0,1.0,1,1,,,,,
UCgvw7xIdGFupzpt1Y_BFkEA,0,autor,/@fredygarcia9151,@fredygarcia9151,/@fredygarcia9151,1.0,1.0,1,1,,,,,
UCh5ESQvtzyHDhCA7XyekCFA,0,autor,/@andyB5280,@andyB5280,/@andyB5280,3.0,1.0,1,3,,,,,
UChT7pzGytNd92Nmvi-zuWog,0,autor,/@sparkvalkov,@sparkvalkov,/@sparkvalkov,1.0,1.0,1,1,,,,,
UChZknRmJkeGeQk0-mQuhDOg,0,autor,/@OdilioRodr%C3%ADguez-c5w,@OdilioRodríguez-c5w,/@OdilioRodr%C3%ADguez-c5w,1.0,1.0,1,1,,,,,
UCheEJ5GZuIvV0fj-nXyVwXw,0,autor,/@rosaoliva9389,@rosaoliva9389,/@rosaoliva9389,1.0,1.0,1,1,,,,,
UChep9kVb5gQmpodEEl10Xlg,0,autor,/@carlosaguilar-kz7ml,@carlosaguilar-kz7ml,/@carlosaguilar-kz7ml,1.0,1.0,1,1,,,,,
UChgkn5Jt5tWKYMoEOuCjz3Q,0,autor,/@pablochitay46,@pablochitay46,/@pablochitay46,1.0,1.0,1,1,,,,,
UChs3tU2BcKOT0CezykvAsGw,0,autor,/@byronpontaza,@byronpontaza,/@byronpontaza,3.0,1.0,1,3,,,,,
UChyps3dqY-VY1_wLeq-2lhw,0,autor,/@maydamorales4395,@maydamorales4395,/@maydamorales4395,1.0,1.0,1,1,,,,,
UCi-vPdnpQreC7BkFs40mJGA,0,autor,/@bryansicasales4280,@bryansicasales4280,/@bryansicasales4280,1.0,1.0,1,1,,,,,
UCi1b_TRQfgO1Z9O2gNGGWNA,0,autor,/@davidisraelesquitsaquil,@davidisraelesquitsaquil,/@davidisraelesquitsaquil,2.0,1.0,1,2,,,,,
UCi2KiZq63sRq8Mfbcp-MelQ,0,autor,/@eugeneramirez4405,@eugeneramirez4405,/@eugeneramirez4405,6.0,1.0,1,6,,,,,
UCiC-Jn7wdgyQV4_Urk0DkWQ,0,autor,/@pedroros6358,@pedroros6358,/@pedroros6358,1.0,1.0,1,1,,,,,
UCiGRBf2RNF0WRKhRVT7zFoA,0,autor,/@edwinavila4876,@edwinavila4876,/@edwinavila4876,1.0,1.0,1,1,,,,,
UCiMythXHsw7eQEMykCdmMUA,0,autor,/@JavierBecerra-h6x,@JavierBecerra-h6x,/@JavierBecerra-h6x,1.0,1.0,1,1,,,,,
UCiOZX__1gahg1ypIj0_XG_w,0,autor,/@mariogonzalezorellana8956,@mariogonzalezorellana8956,/@mariogonzalezorellana8956,1.0,1.0,1,1,,,,,
UCipetjeiWj4CZB6EbyYziZg,0,autor,/@OseasSamayoa-ol5rz,@OseasSamayoa-ol5rz,/@OseasSamayoa-ol5rz,1.0,1.0,1,1,,,,,
UCj-LL25XJnjxepPKCc3NGog,0,autor,/@anaaguirre8985,@anaaguirre8985,/@anaaguirre8985,1.0,1.0,1,1,,,,,
UCjJf-AJKRFFWtiN-CSwkDmA,0,autor,/@2jose82,@2jose82,/@2jose82,1.0,1.0,1,1,,,,,
UCjSKM9j0Q7HLDr1hD6D-TUw,0,autor,/@josehidalgo4875,@josehidalgo4875,/@josehidalgo4875,1.0,1.0,1,1,,,,,
UCjZgFEowMBrsjodqfovzdKw,0,autor,/@franciscoflores3120,@franciscoflores3120,/@franciscoflores3120,2.0,2.0,2,2,,,,,
UCjmPuazZJzscrwvk0QR9RVw,0,autor,/@mynorrodas8591,@mynorrodas8591,/@mynorrodas8591,1.0,1.0,1,1,,,,,
UCk4O-J1BhoqPmig1KLGJePA,0,autor,/@lazarobarillas3575,@lazarobarillas3575,/@lazarobarillas3575,1.0,1.0,1,1,,,,,
UCkVtmkK07b2zaVVNssX4lOg,0,autor,/@HectorElias-u2l,@HectorElias-u2l,/@HectorElias-u2l,1.0,1.0,1,1,,,,,
UCkbsS_3D-pvg1iHOld9uvIg,0,autor,/@gonzalo6075,@gonzalo6075,/@gonzalo6075,1.0,1.0,1,1,,,,,
UCkd9W714-947dEE6ZOEBATA,0,autor,/@ARGELIATELON,@ARGELIATELON,/@ARGELIATELON,2.0,1.0,1,2,,,,,
UCkxdJ_yGN2gghOMo2ybQtXQ,0,autor,/@11223344An,@11223344An,/@11223344An,1.0,1.0,1,1,,,,,
UCl0ekS9Tt0jJGtOEM18S63w,0,autor,/@monkchapin,@monkchapin,/@monkchapin,1.0,1.0,1,1,,,,,
UCld2stqxaVSk0QdGncM224A,0,autor,/@sarahernandez3873,@sarahernandez3873,/@sarahernandez3873,1.0,1.0,1,1,,,,,
UClhMWQ7XKWywYvbRnuf8QsA,0,autor,/@EcPerez-zz9oh,@EcPerez-zz9oh,/@EcPerez-zz9oh,1.0,1.0,1,1,,,,,
UCljDbleJul41G1TzOjOZAVA,0,autor,/@hectorcarranza3777,@hectorcarranza3777,/@hectorcarranza3777,1.0,1.0,1,1,,,,,
UClqA491Xa5fQcXcJJa-vTWw,0,autor,/@AndresLemus-k2d,@AndresLemus-k2d,/@AndresLemus-k2d,1.0,1.0,1,1,,,,,
UClsrFGJKWPxxw7MiaEdKLXw,0,autor,/@ericapaz5406,@ericapaz5406,/@ericapaz5406,1.0,1.0,1,1,,,,,
UCmjppp6ujz3SAnULvP3sZMw,0,autor,/@marcomendez7509,@marcomendez7509,/@marcomendez7509,1.0,1.0,1,1,,,,,
UCmvOgzmmXbjUthHy-WJ52hQ,0,autor,/@mariorodas593,@mariorodas593,/@mariorodas593,1.0,1.0,1,1,,,,,
UCnU8wO1OurAmGstDw6VGjgQ,0,autor,/@cmorera21,@cmorera21,/@cmorera21,1.0,1.0,1,1,,,,,
UCoGdCoJg2Lh0OX_jv6cG16g,0,autor,/@Israel-u5i7i,@Israel-u5i7i,/@Israel-u5i7i,2.0,1.0,1,2,,,,,
UColMq7LmaoY3MT6aIDGrGvA,0,autor,/@quijotachapina1,@quijotachapina1,/@quijotachapina1,1.0,1.0,1,1,,,,,
UCozFYHN0e_-vlQbX3wQGOug,0,autor,/@jesusguzman2321,@jesusguzman2321,/@jesusguzman2321,1.0,1.0,1,1,,,,,
UCp29O_C7cchZV8IxV7Crdag,0,autor,/@robertoescobar5507,@robertoescobar5507,/@robertoescobar5507,2.0,1.0,1,2,,,,,
UCp4iw5_5SmV9VGTFSNVGOmQ,0,autor,/@CARLOSSTREMS51,@CARLOSSTREMS51,/@CARLOSSTREMS51,1.0,1.0,1,1,,,,,
UCpIdtvoFHVLGASGB5ySqIEA,0,autor,/@VidalVillatoro-p4w,@VidalVillatoro-p4w,/@VidalVillatoro-p4w,1.0,1.0,1,1,,,,,
UCp_dAUfv8i3LW3zWc24dLaQ,0,autor,/@MarioCortez-o6v,@MarioCortez-o6v,/@MarioCortez-o6v,1.0,1.0,1,1,,,,,
UCpe5jW3MIqkgTJ-PgkzvM6Q,0,autor,/@carloslam5333,@carloslam5333,/@carloslam5333,1.0,1.0,1,1,,,,,
UCpl8rF8uv_8uui-QRvuJaRA,0,autor,/@SergioGarcia-z9c,@SergioGarcia-z9c,/@SergioGarcia-z9c,1.0,1.0,1,1,,,,,
UCplrIQtaPj6au60_f2-mOYw,0,autor,/@romeolopezherrarte799,@romeolopezherrarte799,/@romeolopezherrarte799,1.0,1.0,1,1,,,,,
UCpsKOkt5iWTbenzeuq7dsmQ,0,autor,/@inge_vergueta,@inge_vergueta,/@inge_vergueta,3.0,3.0,3,3,,,,,
UCq3mDTTRZnUybct5M9OSXbg,0,autor,/@MacoMorales-i2i2d,@MacoMorales-i2i2d,/@MacoMorales-i2i2d,1.0,1.0,1,1,,,,,
UCqCrvuoJpC-aVb0f4logQRQ,0,autor,/@Lyrics_GT,@Lyrics_GT,/@Lyrics_GT,1.0,1.0,1,1,,,,,
UCqilIa8r7iek5sGYg_q6ofA,0,autor,/@rolandojuchuna484,@rolandojuchuna484,/@rolandojuchuna484,1.0,1.0,1,1,,,,,
UCql1n3Ey6ULMSOACjMe-fxQ,0,autor,/@RolandoGonzalez-o7g,@RolandoGonzalez-o7g,/@RolandoGonzalez-o7g,1.0,1.0,1,1,,,,,
UCr1emrogPKkKTs_WTtx71xg,0,autor,/@domingopeneleu6457,@domingopeneleu6457,/@domingopeneleu6457,1.0,1.0,1,1,,,,,
UCrJn_rbo_ENAdeqneS-RmRw,0,autor,/@josecarrera9623,@josecarrera9623,/@josecarrera9623,2.0,1.0,1,2,,,,,
UCrqXyRsg-_hTosURZ-uvoKg,0,autor,/@flornolberto2425,@flornolberto2425,/@flornolberto2425,1.0,1.0,1,1,,,,,
UCsGoJEvb-cFPZ2rWoJcXzEQ,0,autor,/@sergiohinestroza9709,@sergiohinestroza9709,/@sergiohinestroza9709,1.0,1.0,1,1,,,,,
UCsJJAvrVGupdmhOqgtDp8dg,0,autor,/@nestorlorenzana1168,@nestorlorenzana1168,/@nestorlorenzana1168,1.0,1.0,1,1,,,,,
UCsSXdJct-nsS8DsABoEsaYA,0,autor,/@Iv%C3%A1nP%C3%A9rez-j4j,@IvánPérez-j4j,/@Iv%C3%A1nP%C3%A9rez-j4j,1.0,1.0,1,1,,,,,
UCsUCN0Yq_UyTvKjOJLmNrnQ,0,autor,/@moisesvaldez4043,@moisesvaldez4043,/@moisesvaldez4043,2.0,2.0,2,2,,,,,
UCs_5qeqdku9tGAq22y3OcuQ,0,autor,/@alexandrevasquez4135,@alexandrevasquez4135,/@alexandrevasquez4135,1.0,1.0,1,1,,,,,
UCsjs5Hp_r86x1xbK6FAeqaA,0,autor,/@alvaroesquivel563,@alvaroesquivel563,/@alvaroesquivel563,1.0,1.0,1,1,,,,,
UCtCtts20bW6F9CSohau51Iw,0,autor,/@carlosgranados9875,@carlosgranados9875,/@carlosgranados9875,2.0,1.0,1,2,,,,,
UCtMBF_1O2jY2INlb_luuB_A,0,autor,/@mynorgudiel8646,@mynorgudiel8646,/@mynorgudiel8646,1.0,1.0,1,1,,,,,
UCtNfIBnc5S5DbbQj_yxgJTw,0,autor,/@JosueRamirez-ey3ih,@JosueRamirez-ey3ih,/@JosueRamirez-ey3ih,1.0,1.0,1,1,,,,,
UCtNyHmRZtvGF2hSvI2dUBWw,0,autor,/@aureliomaldonado4793,@aureliomaldonado4793,/@aureliomaldonado4793,2.0,1.0,1,2,,,,,
UCtUR3_CAiE7fCoZHM6cMfyQ,0,autor,/@mdelcid01,@mdelcid01,/@mdelcid01,1.0,1.0,1,1,,,,,
UCtiHFjFu7d5v2XxHnKFUYig,0,autor,/@Paul-gf7ec,@Paul-gf7ec,/@Paul-gf7ec,1.0,1.0,1,1,,,,,
UCtowGNY2lnlg6O2CkwDgkLg,0,autor,/@taniagabrielacelis8434,@taniagabrielacelis8434,/@taniagabrielacelis8434,1.0,1.0,1,1,,,,,
UCtsxPYw8VUsH_FfnKg-0lmw,0,autor,/@AlejandroP%C3%A9rez-b6r,@AlejandroPérez-b6r,/@AlejandroP%C3%A9rez-b6r,1.0,1.0,1,1,,,,,
UCu8_3-Wg-YzNyvHYQDEscfw,0,autor,/@RolandoCastroP%C3%A9rez-d7y,@RolandoCastroPérez-d7y,/@RolandoCastroP%C3%A9rez-d7y,1.0,1.0,1,1,,,,,
UCuP4UK33HKtJE_S39ksmaTw,0,autor,/@herbertaguilar1387,@herbertaguilar1387,/@herbertaguilar1387,1.0,1.0,1,1,,,,,
UCuXmOjxC-htcprLgeVXz6Tg,0,autor,/@jorgeaguilar-bq3uj,@jorgeaguilar-bq3uj,/@jorgeaguilar-bq3uj,1.0,1.0,1,1,,,,,
UCueV9cTyTDwgQSec1x2dYgA,0,autor,/@fredydomingo7062,@fredydomingo7062,/@fredydomingo7062,1.0,1.0,1,1,,,,,
UCujPF2nBgsTD62nWE3lcpIg,0,autor,/@victorarturoruanobautista7588,@victorarturoruanobautista7588,/@victorarturoruanobautista7588,1.0,1.0,1,1,,,,,
UCusjriFsDHEc2AOjqk-p5ig,0,autor,/@pablobarrios7931,@pablobarrios7931,/@pablobarrios7931,1.0,1.0,1,1,,,,,
UCut6b9S98nv84cVX89PmKzA,0,autor,/@yeniferaguirre4498,@yeniferaguirre4498,/@yeniferaguirre4498,2.0,1.0,1,2,,,,,
UCvApqeCbLod-wejtT4CcVuA,0,autor,/@davidgaher9550,@davidgaher9550,/@davidgaher9550,1.0,1.0,1,1,,,,,
UCvDwJBBY1mHK70aTEYl6rsA,0,autor,/@cristianescobedo8296,@cristianescobedo8296,/@cristianescobedo8296,1.0,1.0,1,1,,,,,
UCvcu1kR8xMYy_I1Ty-2mV2Q,0,autor,/@hashojea7348,@hashojea7348,/@hashojea7348,4.0,3.0,3,4,,,,,
UCvl1tzQeBeGy6efPTRJXSCw,0,autor,/@RaulPerez-cw2vi,@RaulPerez-cw2vi,/@RaulPerez-cw2vi,1.0,1.0,1,1,,,,,
UCwCfs-2zbD5k0lG-UVg_JBw,0,autor,/@JessicaHuaz-96,@JessicaHuaz-96,/@JessicaHuaz-96,1.0,1.0,1,1,,,,,
UCwEe1RKlEv1UpNWmWYfSh4w,0,autor,/@marioramirez299,@marioramirez299,/@marioramirez299,1.0,1.0,1,1,,,,,
UCwO2SXr0ggzwg6QWWrr01nQ,0,autor,/@ricardofigueroa5720,@ricardofigueroa5720,/@ricardofigueroa5720,1.0,1.0,1,1,,,,,
UCwUAv3_LpWVtTIi7lkmTL7A,0,autor,/@kingr4706,@kingr4706,/@kingr4706,1.0,1.0,1,1,,,,,
UCwW2OFy95P7ZBkOPxWkpvYg,0,autor,/@TeresaLucero-b5o,@TeresaLucero-b5o,/@TeresaLucero-b5o,2.0,1.0,1,2,,,,,
UCwgCc9Jd_gG-uLE_SY-FfPg,0,autor,/@armindapenados2841,@armindapenados2841,/@armindapenados2841,1.0,1.0,1,1,,,,,
UCwha8rxULYMVtNwZWeSkE1A,0,autor,/@mariasamo8637,@mariasamo8637,/@mariasamo8637,1.0,1.0,1,1,,,,,
UCwjUvRseNtJoItylIyIez7Q,0,autor,/@Silviazea,@Silviazea,/@Silviazea,1.0,1.0,1,1,,,,,
UCwxoKK59nGCeBqB2sXfDBIw,0,autor,/@vic-bonivideos,@vic-bonivideos,/@vic-bonivideos,1.0,1.0,1,1,,,,,
UCxKR3RA8T-kxMgq_2WWhRcQ,0,autor,/@elenaluarca9377,@elenaluarca9377,/@elenaluarca9377,1.0,1.0,1,1,,,,,
UCxcoDvP-g2_KTZDmVZtvb3w,0,autor,/@angelmartinez9523,@angelmartinez9523,/@angelmartinez9523,1.0,1.0,1,1,,,,,
UCxff05WuyvwELNITi7bj7UA,0,autor,/@markoherrera,@markoherrera,/@markoherrera,1.0,1.0,1,1,,,,,
UCxhtlxPV8AYWaNNyU6S9H8Q,0,autor,/@WilR-s8r,@WilR-s8r,/@WilR-s8r,1.0,1.0,1,1,,,,,
UCyJhqmMbsvjpoarBBStA2kg,0,autor,/@Murmullodelbarrio,@Murmullodelbarrio,/@Murmullodelbarrio,6.0,1.0,1,6,,,,,
UCySYJU5kUh7X8gVt9la2ISA,0,autor,/@dantesarti4351,@dantesarti4351,/@dantesarti4351,1.0,1.0,1,1,,,,,
UCyW68EGZey4ao_Vf2cR5Ztg,0,autor,/@ZabalaXabier,@ZabalaXabier,/@ZabalaXabier,1.0,1.0,1,1,,,,,
UCylqlpsh8ENNM1LqgQ1KbxA,0,autor,/@Jel.Awesh.M,@Jel.Awesh.M,/@Jel.Awesh.M,3.0,2.0,2,3,,,,,
UCyor0Mmm0ivLX2jIdyGp84Q,0,autor,/@MiguelJordan-n3g,@MiguelJordan-n3g,/@MiguelJordan-n3g,1.0,1.0,1,1,,,,,
UCyzf29IYjNw67gGIfsjgtxA,0,autor,/@carlosoliva9249,@carlosoliva9249,/@carlosoliva9249,1.0,1.0,1,1,,,,,
UCz3gu01bmjNv0DpRq-K3XYg,0,autor,/@eusebiovasquez4385,@eusebiovasquez4385,/@eusebiovasquez4385,2.0,1.0,1,2,,,,,
UCzSfZlOVxBSs5ObD25ywxDQ,0,autor,/@GilmarMaldonado-q9m,@GilmarMaldonado-q9m,/@GilmarMaldonado-q9m,1.0,1.0,1,1,,,,,
UCzZ6dDCEsLMXbc5pCFXIprw,0,autor,/@josegil3813,@josegil3813,/@josegil3813,2.0,2.0,2,2,,,,,
UCzoL2l5H5eVlorWGH8AZfAg,0,autor,/@jor77cas,@jor77cas,/@jor77cas,1.0,1.0,1,1,,,,,
j43HgwYFKfk,1,video,La cooptación de Walter Mazariegos en la...,,,,,49,50,La cooptación de Walter Mazariegos en la USAC,Quorum,UCE4rsXcgDb6e1-a9iTbWzfg,News & Politics,10156.0
06mFNPU0aB8,1,video,Capturan a presuntos delincuentes disfra...,,,,,13,14,Capturan a presuntos delincuentes disfrazados de mujer señalados de cometer asalto,Noti7,UCVpSRoZgngfSL03Nlbjtq9A,News & Politics,6692.0
OkXlHx0hx-8,1,video,EE.UU. envía a mexicanos deportados a Gu...,,,,,18,25,EE.UU. envía a mexicanos deportados a Guatemala antes de su regreso a México | Noticias Telemundo,Noticias Telemundo,UCRwA1NUcUnwsly35ikGhp0A,News & Politics,14200.0
yLZS3JiEBg8,1,video,Arroz con pollo a la MONOPOLIO,,,,,16,16,Arroz con pollo a la MONOPOLIO,Quorum,UCE4rsXcgDb6e1-a9iTbWzfg,News & Politics,1954.0
n8iP75gIpmw,1,video,Qué rico come tu diputado,,,,,128,161,Qué rico come tu diputado,Quorum,UCE4rsXcgDb6e1-a9iTbWzfg,News & Politics,11775.0
lj983NWyAQY,1,video,Plan 2032 Ciudad de Guatemala,,,,,25,25,Plan 2032 Ciudad de Guatemala,Municipalidad de Guatemala,UCXa6LVjBzUtmcM3cwbd9e2w,News & Politics,304089.0
ndAZjHqzzT8,1,video,Internet: escoger el menos malo,,,,,10,12,Internet: escoger el menos malo,Quorum,UCE4rsXcgDb6e1-a9iTbWzfg,News & Politics,717.0
6W4u8sGEnGM,1,video,Inician los trabajos de recuperación del...,,,,,32,45,Inician los trabajos de recuperación del Puente Belice II.,Gobierno de la República de Guatemala,UC-ZtFBHzgkYFh7whZkuR_Ag,Entertainment,11670.0
TT4qJ5FXHYE,1,video,I’x K’at: el primer equipo guatemalteco ...,,,,,4,4,"I’x K’at: el primer equipo guatemalteco de pelota maya, conformado únicamente por mujeres.",Quorum,UCE4rsXcgDb6e1-a9iTbWzfg,News & Politics,1075.0
X_FAIef8qlE,1,video,Cruzando la ciudad a puro Transmetro,,,,,1,1,Cruzando la ciudad a puro Transmetro,Quorum,UCE4rsXcgDb6e1-a9iTbWzfg,News & Politics,1140.0
zweosulrwA8,1,video,Edén por Salud: empleo inclusivo para pe...,,,,,1,1,Edén por Salud: empleo inclusivo para personas con discapacidad en Antigua | Super - Episodio 2,Quorum,UCE4rsXcgDb6e1-a9iTbWzfg,Nonprofits & Activism,52.0
JkpVO1hx2f8,1,video,10 Preguntas a un año del Paro Nacional,,,,,3,3,10 Preguntas a un año del Paro Nacional,Quorum,UCE4rsXcgDb6e1-a9iTbWzfg,News & Politics,673.0
PjmxCj-a9Hg,1,video,Conferencia de Prensa del Gobierno de Gu...,,,,,19,25,Conferencia de Prensa del Gobierno de Guatemala. #LaRondaGt,Gobierno de la República de Guatemala,UC-ZtFBHzgkYFh7whZkuR_Ag,Entertainment,3628.0
b_Hkrkl3adA,1,video,Bloqueos en Guatemala este 31 de agosto ...,,,,,7,7,Bloqueos en Guatemala este 31 de agosto por alza en combustibles afectan rutas principales,PrensaLibreOficial,UCEepOY2svuxbsJ-zsAPT9Fg,News & Politics,5469.0
is3Mk5oC19g,1,video,Capturan a ladrón que había quedado grab...,,,,,7,7,Capturan a ladrón que había quedado grabado mientras robaba en una parroquia de Retalhuleu,TN23 Guatemala,UCt5Dw7ePnn0AqPqRF8Xpjkw,News & Politics,4616.0
WIUZtitfLRw,1,video,Caminar en una ciudad hecha para carros,,,,,6,6,Caminar en una ciudad hecha para carros,Quorum,UCE4rsXcgDb6e1-a9iTbWzfg,News & Politics,422.0
3Nfp9h5avBI,1,video,"Noticiero en Directo 1 pm, 28 de Agosto ...",,,,,2,2,"Noticiero en Directo 1 pm, 28 de Agosto de 2026",Noticiero Guatevisión 13 Hrs.,UCdSVqHGHzyMTXSafUHY-e-w,News & Politics,573.0
UhL9y3KUl8E,1,video,SHAI WA: la vecina queer de Casa Preside...,,,,,1,1,SHAI WA: la vecina queer de Casa Presidencial,Quorum,UCE4rsXcgDb6e1-a9iTbWzfg,News & Politics,1755.0
s0eco-BofOs,1,video,¿Quiénes pagan más en Centroamérica?,,,,,1,1,¿Quiénes pagan más en Centroamérica?,Quorum,UCE4rsXcgDb6e1-a9iTbWzfg,News & Politics,220.0
