node_id,tipo,label,grado_c,grado_ponderado,betweenness,closeness,pagerank,eigenvector
UCdFlugHJJa4l3YqWuNRmvXw,autor,@MarcosCarillo-b1r,0.005714285714285714,2,0.03186246418338109,0.20081463122176138,0.0026983617584240773,0.0006575521131128005
UCvl1tzQeBeGy6efPTRJXSCw,autor,@RaulPerez-cw2vi,0.002857142857142857,1,0.0,0.11052862551921921,0.0014900677837631298,1.1376519616251148e-08
UCRAquv8el-tQ30bN7MlmySQ,autor,@iamjimalesssa,0.002857142857142857,1,0.0,0.19841100207021636,0.0015012876402744307,0.0006549120980151285
UCkbsS_3D-pvg1iHOld9uvIg,autor,@gonzalo6075,0.002857142857142857,1,0.0,0.19841100207021636,0.0015012876402744307,0.0006549120980151285
UCOLHH4ZpMxPYF-Q6e6wvn5A,autor,@luisroldan7374,0.002857142857142857,1,0.0,0.027910983488872932,0.0012806576023992745,
UCi2KiZq63sRq8Mfbcp-MelQ,autor,@eugeneramirez4405,0.002857142857142857,6,0.0,0.048721804511278194,0.0055471934776435096,
UCXl30Y_upRqbti52fmjK4YA,autor,@capitanfrans,0.002857142857142857,1,0.0,0.13698399112913764,0.0015133016567510666,2.3648192089561676e-06
UCRelkU8JiZBytTzebJxaa-w,autor,@danyraymundo2942,0.002857142857142857,1,0.0,0.24284144673408525,0.0013102170967186151,0.04426776459447964
UCgLurCo-e019HGODcjXHWCw,autor,@perritojuega1,0.002857142857142857,1,0.0,0.03644314868804665,0.0015921333404745244,
UCDIMztpVm7G27qBuiWuT6oQ,autor,@lizardomorataya8274,0.002857142857142857,1,0.0,0.24284144673408525,0.0013102170967186151,0.04426776459447964
UCZOmq6MwFDVoCaEl99BRRaw,autor,@daniloarevalo3170,0.002857142857142857,1,0.0,0.1759916798023953,0.001367816507721139,0.00018794727729239428
UCFybmWapGvBKcQod7cPPH9w,autor,@vitalianochavez8382,0.002857142857142857,1,0.0,0.1467274229895543,0.0012314659094801788,2.7197998543171786e-06
UCh5ESQvtzyHDhCA7XyekCFA,autor,@andyB5280,0.002857142857142857,3,0.0,0.30284011645067743,0.0030759504354549902,0.13280329378343894
UCWIZUtKJ636y-4TYrNvok0g,autor,@cesarandreas7824,0.002857142857142857,1,0.0,0.24284144673408525,0.0013102170967186151,0.04426776459447964
UCzoL2l5H5eVlorWGH8AZfAg,autor,@jor77cas,0.002857142857142857,1,0.0,0.24284144673408525,0.0013102170967186151,0.04426776459447964
UCKVzDUqbtdSMBcexaEtMmzQ,autor,@rotorairgroup8409,0.002857142857142857,1,0.0,0.0065306122448979586,0.0018670735454650957,
UCNpt5CQlTzNjlAKY6CJtClQ,autor,@eustaquiogomez9975,0.002857142857142857,1,0.0,0.19841100207021636,0.0015012876402744307,0.0006549120980151285
UCut6b9S98nv84cVX89PmKzA,autor,@yeniferaguirre4498,0.002857142857142857,2,0.0,0.28522267384185895,0.0021930837660868027,0.08853552918895928
UCQyOePccUP-fIJYzchAgZYw,autor,@aguilar4254,0.002857142857142857,1,0.0,0.19841100207021636,0.0015012876402744307,0.0006549120980151285
UCOLGv5Pf6BF2wFcwUzgcvHg,autor,@welfrealdana5559,0.002857142857142857,2,0.0,0.28522267384185895,0.0021930837660868027,0.08853552918895928
UCAxvOOHQk7dYPOajzFEVtbA,autor,@ruddydepaz322,0.002857142857142857,2,0.0,0.11854592423131233,0.002552785140175832,2.2753039232502297e-08
UCQ_-LPP8JAbfkc-b1Q6NvWw,autor,@MegaKristenstewart,0.002857142857142857,2,0.0,0.28522267384185895,0.0021930837660868027,0.08853552918895928
UCXmrpc6Li0spcKxtS0Q_ptg,autor,@melvinperez6710,0.002857142857142857,1,0.0,0.03644314868804665,0.0015921333404745244,
UCZ51R_9Q9C0c8I3pAWhtmjQ,autor,@belvettzapeta1251,0.002857142857142857,1,0.0,0.24284144673408525,0.0013102170967186151,0.04426776459447964
UCPLW0HE3siElqCgXfgWxMqg,autor,@elizabethmonterroso7719,0.002857142857142857,1,0.0,0.002857142857142857,0.002849002849002849,
UCxhtlxPV8AYWaNNyU6S9H8Q,autor,@WilR-s8r,0.002857142857142857,1,0.0,0.027910983488872932,0.0012806576023992745,
UCvcu1kR8xMYy_I1Ty-2mV2Q,autor,@hashojea7348,0.008571428571428572,4,0.09200163733115023,0.20081463122176138,0.004536042417337278,0.0003797780525991769
UCaKAjTW9MVub_clgr4DRYjQ,autor,@josecastillo4390,0.002857142857142857,1,0.0,0.19841100207021636,0.0015012876402744307,0.0006549120980151285
UCxff05WuyvwELNITi7bj7UA,autor,@markoherrera,0.002857142857142857,1,0.0,0.24284144673408525,0.0013102170967186151,0.04426776459447964
UCZLG9qH0tUjNhEGFIUt0CYw,autor,@SoniaMarroquin-y6e,0.002857142857142857,1,0.0,0.24284144673408525,0.0013102170967186151,0.04426776459447964
UCwgCc9Jd_gG-uLE_SY-FfPg,autor,@armindapenados2841,0.002857142857142857,1,0.0,0.19841100207021636,0.0015012876402744307,0.0006549120980151285
UCXSkL3ejZ8qWYyF_M7s_QKA,autor,@JacintaTzoy,0.002857142857142857,1,0.0,0.24284144673408525,0.0013102170967186151,0.04426776459447964
UChs3tU2BcKOT0CezykvAsGw,autor,@byronpontaza,0.002857142857142857,3,0.0,0.30284011645067743,0.0030759504354549902,0.13280329378343894
UC6PvO1_k5lHKGdAPo5_C6TA,autor,@johnmejia992,0.002857142857142857,1,0.0,0.24284144673408525,0.0013102170967186151,0.04426776459447964
UCwxoKK59nGCeBqB2sXfDBIw,autor,@vic-bonivideos,0.002857142857142857,1,0.0,0.1467274229895543,0.0012314659094801788,2.7197998543171786e-06
UCWaRixDdpgllTBf4V0jPnKQ,autor,@hectormaaz5523,0.002857142857142857,2,0.0,0.1611998948157042,0.00203558139160993,5.439599708634357e-06
UCkVtmkK07b2zaVVNssX4lOg,autor,@HectorElias-u2l,0.002857142857142857,1,0.0,0.19841100207021636,0.0015012876402744307,0.0006549120980151285
UCN6qbfPSzFtjhqUDZ3Cv3CQ,autor,@carlosmedranovelasquez6380,0.002857142857142857,1,0.0,0.24284144673408525,0.0013102170967186151,0.04426776459447964
UC95PSMouTx2N5CbSq0hIyrQ,autor,@lisss1908,0.002857142857142857,1,0.0,0.19841100207021636,0.0015012876402744307,0.0006549120980151285
UCueV9cTyTDwgQSec1x2dYgA,autor,@fredydomingo7062,0.002857142857142857,1,0.0,0.24284144673408525,0.0013102170967186151,0.04426776459447964
UC5H8ASmMC9WrURmzeB4ySog,autor,@ManuelEdran,0.002857142857142857,5,0.0,0.3185825088495139,0.004841683774191365,0.2213388229723982
UCHhHUjaMAZ8SiXdCUCj9DkQ,autor,@fredymendez1786,0.002857142857142857,2,0.0,0.28522267384185895,0.0021930837660868027,0.08853552918895928
UCgvw7xIdGFupzpt1Y_BFkEA,autor,@fredygarcia9151,0.002857142857142857,1,0.0,0.24284144673408525,0.0013102170967186151,0.04426776459447964
UCeDNEtI8_a42bZ47wJiJMwQ,autor,@EdgarcalderonCalderong,0.002857142857142857,1,0.0,0.19841100207021636,0.0015012876402744307,0.0006549120980151285
UCiOZX__1gahg1ypIj0_XG_w,autor,@mariogonzalezorellana8956,0.002857142857142857,1,0.0,0.1467274229895543,0.0012314659094801788,2.7197998543171786e-06
UCqCrvuoJpC-aVb0f4logQRQ,autor,@Lyrics_GT,0.002857142857142857,1,0.0,0.19841100207021636,0.0015012876402744307,0.0006549120980151285
UCld2stqxaVSk0QdGncM224A,autor,@sarahernandez3873,0.002857142857142857,1,0.0,0.0065306122448979586,0.0018670735454650957,
UCpIdtvoFHVLGASGB5ySqIEA,autor,@VidalVillatoro-p4w,0.002857142857142857,1,0.0,0.24284144673408525,0.0013102170967186151,0.04426776459447964
UCtiHFjFu7d5v2XxHnKFUYig,autor,@Paul-gf7ec,0.002857142857142857,1,0.0,0.027910983488872932,0.0012806576023992745,
UCQM2tCKRRytVDRxNUfCDqQQ,autor,@elioelias7267,0.002857142857142857,1,0.0,0.002857142857142857,0.002849002849002849,
UCWvntqPQx99k_Z_skWKqNSA,autor,@AntonioChiyal-x5s,0.002857142857142857,1,0.0,0.1467274229895543,0.0012314659094801788,2.7197998543171786e-06
UCoGdCoJg2Lh0OX_jv6cG16g,autor,@Israel-u5i7i,0.002857142857142857,2,0.0,0.1611998948157042,0.00203558139160993,5.439599708634357e-06
UChgkn5Jt5tWKYMoEOuCjz3Q,autor,@pablochitay46,0.002857142857142857,1,0.0,0.24284144673408525,0.0013102170967186151,0.04426776459447964
UCiC-Jn7wdgyQV4_Urk0DkWQ,autor,@pedroros6358,0.002857142857142857,1,0.0,0.19841100207021636,0.0015012876402744307,0.0006549120980151285
UCQIdKuZ-OzuFqy0KjGrgesg,autor,@lyacausa,0.002857142857142857,1,0.0,0.005142857142857143,0.0019761768014137345,
UCXr8_5WtGeipe4haOoQDgyQ,autor,@amyherrera7352,0.002857142857142857,1,0.0,0.24284144673408525,0.0013102170967186151,0.04426776459447964
UC_3xuTXvMIWU5MYP9HkJ3vQ,autor,@Historia-wm4os,0.002857142857142857,1,0.0,0.11052862551921921,0.0014900677837631298,1.1376519616251148e-08
UCFjudnPLoaSL1BaRuLahyHg,autor,@HaroldoCastillo-rh9iw,0.002857142857142857,3,0.0,0.30284011645067743,0.0030759504354549902,0.13280329378343894
UC-pNP6RMFuLg_-x7Ah_0kEA,autor,@almacatalan2717,0.002857142857142857,1,0.0,0.24284144673408525,0.0013102170967186151,0.04426776459447964
UC1Y7x3h0c95Z8kUhi-Tzaeg,autor,@rosadiaz9235,0.002857142857142857,1,0.0,0.19474797849320566,0.0012735810348890398,0.0004135922474292905
UC1WlJfQmaIskYhP4gmWoamw,autor,@marthareiss5434,0.002857142857142857,1,0.0,0.027910983488872932,0.0012806576023992745,
UC3MYTqpQqlWBuCB7Th0e0PA,autor,@isaaclopez7220,0.002857142857142857,1,0.0,0.24284144673408525,0.0013102170967186151,0.04426776459447964
UCOcUI5XkTYNMSFhZNMIPpGg,autor,@hendersonlopez3864,0.002857142857142857,1,0.0,0.19841100207021636,0.0015012876402744307,0.0006549120980151285
UCOS8ViEkccrTZx2w2ccxotA,autor,@OscarHernandez-q8y,0.002857142857142857,1,0.0,0.24284144673408525,0.0013102170967186151,0.04426776459447964
UC3iIU62XKUOWuqL8BqBzj9A,autor,@antonioduarte2288,0.002857142857142857,1,0.0,0.15495705176204624,0.001594478004275582,0.0001784477141647277
UCV3fr-YOixFKCZBbJP1-X4w,autor,@albertoshernandez5251,0.002857142857142857,5,0.0,0.17133997458114192,0.004447927837999185,1.3598999271585894e-05
UCmjppp6ujz3SAnULvP3sZMw,autor,@marcomendez7509,0.002857142857142857,1,0.0,0.24284144673408525,0.0013102170967186151,0.04426776459447964
UC5PyGvSfFM--OVKmQ3COu6g,autor,@FreddyGmez,0.002857142857142857,1,0.0,0.03644314868804665,0.0015921333404745244,
UCQqetiwzzmRNTM5OWuXarGQ,autor,@isaiaslopezvelasquez1539,0.002857142857142857,1,0.0,0.24284144673408525,0.0013102170967186151,0.04426776459447964
UCCaYwkkbQGcvFoUmothVdQQ,autor,@OsvaldoAguirre-l3i,0.002857142857142857,1,0.0,0.24284144673408525,0.0013102170967186151,0.04426776459447964
UCQgYjVngJRfPHDLGB5X6ZjA,autor,@oscarnavas9996,0.002857142857142857,1,0.0,0.24284144673408525,0.0013102170967186151,0.04426776459447964
UCN2N_wYOw6fMwCeSzdXLPIw,autor,@danielantoniogonzalezflore4901,0.002857142857142857,1,0.0,0.19474797849320566,0.0012735810348890398,0.0004135922474292905
UC9vMq1YF-e7C-VO0SHkbUTA,autor,@ErvinLeonardoCarreraLatín,0.002857142857142857,4,0.0,0.3124909830625847,0.003958817104823178,0.17707105837791856
UC8F2V63KZ4ZEay6opX2hAQw,autor,@carmenr6311,0.002857142857142857,1,0.0,0.24284144673408525,0.0013102170967186151,0.04426776459447964
UCheEJ5GZuIvV0fj-nXyVwXw,autor,@rosaoliva9389,0.002857142857142857,1,0.0,0.1467274229895543,0.0012314659094801788,2.7197998543171786e-06
UCujPF2nBgsTD62nWE3lcpIg,autor,@victorarturoruanobautista7588,0.002857142857142857,1,0.0,0.24284144673408525,0.0013102170967186151,0.04426776459447964
UCV0iizTBoOfdAFX_thfI9BA,autor,@BenjaminLarios-jd8nk,0.002857142857142857,1,0.0,0.24284144673408525,0.0013102170967186151,0.04426776459447964
UCp29O_C7cchZV8IxV7Crdag,autor,@robertoescobar5507,0.002857142857142857,2,0.0,0.1611998948157042,0.00203558139160993,5.439599708634357e-06
UCkxdJ_yGN2gghOMo2ybQtXQ,autor,@11223344An,0.002857142857142857,1,0.0,0.13698399112913764,0.0015133016567510666,2.3648192089561676e-06
UCjZgFEowMBrsjodqfovzdKw,autor,@franciscoflores3120,0.005714285714285714,2,0.05789602947196071,0.1491797181701723,0.0022941832658928815,2.73117637393343e-06
UC4wq3DcbfaG6dtCqn8Oyu3w,autor,@hugoasencio7764,0.002857142857142857,1,0.0,0.24284144673408525,0.0013102170967186151,0.04426776459447964
UCVC2QugcI1G4RvlCiUqd1aQ,autor,@rwdm76,0.002857142857142857,2,0.0,0.1972306366136307,0.002308282588091851,0.00037589455458478856
UCXVLc8CmAO813ubM-fLvCDw,autor,@herminiasaquimux7565,0.002857142857142857,1,0.0,0.13698399112913764,0.0015133016567510666,2.3648192089561676e-06
UCwW2OFy95P7ZBkOPxWkpvYg,autor,@TeresaLucero-b5o,0.002857142857142857,2,0.0,0.28522267384185895,0.0021930837660868027,0.08853552918895928
UC3XTwHxygNCgjndsg-UiCQA,autor,@marioajset4283,0.002857142857142857,3,0.0,0.30284011645067743,0.0030759504354549902,0.13280329378343894
UCgQw_Sbq3ugruDUKsq1e0-A,autor,@marlenareano-h4t,0.002857142857142857,1,0.0,0.19841100207021636,0.0015012876402744307,0.0006549120980151285
UCL13XhnRzbGokEkCkEOb0-g,autor,@raquelprado3643,0.002857142857142857,2,0.0,0.28522267384185895,0.0021930837660868027,0.08853552918895928
UCQtSFINs1h6GHkpg9o5kMvg,autor,@MacarioMartinezruiz,0.002857142857142857,1,0.0,0.24284144673408525,0.0013102170967186151,0.04426776459447964
UC2ngpd8UBQu4gcUYy0goAtg,autor,@juliohernandez7438,0.002857142857142857,1,0.0,0.11052862551921921,0.0014900677837631298,1.1376519616251148e-08
UC7IMsCxfZyWN7YQo8-JYa6Q,autor,@Burgos68,0.002857142857142857,2,0.0,0.22109410619866485,0.002119811642427652,0.000827184494858581
UCzSfZlOVxBSs5ObD25ywxDQ,autor,@GilmarMaldonado-q9m,0.002857142857142857,1,0.0,0.24284144673408525,0.0013102170967186151,0.04426776459447964
UCLFdHr9BEbXHkoJopbEPLZw,autor,@kanterra4584,0.002857142857142857,2,0.0,0.28522267384185895,0.0021930837660868027,0.08853552918895928
UCNkcuy42zEwddwEcOd_HpnA,autor,@vanigomez492,0.002857142857142857,1,0.0,0.24284144673408525,0.0013102170967186151,0.04426776459447964
UCJp3OrVYcBorC94sKwdch_A,autor,@ULJoshmg2011,0.002857142857142857,1,0.0,0.1759916798023953,0.001367816507721139,0.00018794727729239428
UCLh1Kde4_vI1sTZBkTNP7RQ,autor,@JoelReynoso-d4r,0.002857142857142857,1,0.0,0.13558345956908746,0.0016244245455000737,2.6400150976722055e-06
UCThW2XNsAaBKme5PUt7n-Zg,autor,@thelmamoran8565,0.002857142857142857,1,0.0,0.24284144673408525,0.0013102170967186151,0.04426776459447964
UC6YSZqL0vEcI-niPKIMUGfw,autor,@maxwellsales885,0.002857142857142857,1,0.0,0.24284144673408525,0.0013102170967186151,0.04426776459447964
UCNBnKqWf4d-rS4HwJRQljmQ,autor,@LE_A22,0.002857142857142857,2,0.0,0.28522267384185895,0.0021930837660868027,0.08853552918895928
UCO0zwwLWGyDgQmWPJ5Qrr1w,autor,@elsalvador3605,0.002857142857142857,1,0.0,0.11052862551921921,0.0014900677837631298,1.1376519616251148e-08
UCwjUvRseNtJoItylIyIez7Q,autor,@Silviazea,0.002857142857142857,1,0.0,0.19841100207021636,0.0015012876402744307,0.0006549120980151285
UCTwSut16JyAg3mX6LVUNGqA,autor,@SuperVictor2005,0.002857142857142857,1,0.0,0.24284144673408525,0.0013102170967186151,0.04426776459447964
UCLggDc_a5HriXv7I1h02sOA,autor,@guillermogonzalez5153,0.002857142857142857,2,0.0,0.28522267384185895,0.0021930837660868027,0.08853552918895928
UCwO2SXr0ggzwg6QWWrr01nQ,autor,@ricardofigueroa5720,0.002857142857142857,1,0.0,0.24284144673408525,0.0013102170967186151,0.04426776459447964
UC816IGbFCZinfYS1LRDaaHg,autor,@ingenieroar,0.002857142857142857,1,0.0,0.19841100207021636,0.0015012876402744307,0.0006549120980151285
UC3qn1yJA5PeW9rkGPatQxiw,autor,@VICTOREST19,0.002857142857142857,1,0.0,0.24284144673408525,0.0013102170967186151,0.04426776459447964
UCaT4saRcyqCLE657Rq2hhZQ,autor,@elmilenial4064,0.002857142857142857,1,0.0,0.1467274229895543,0.0012314659094801788,2.7197998543171786e-06
UCc_F88PzGWtA1OPNUEASulA,autor,@rockyscarlet,0.002857142857142857,1,0.0,0.13698399112913764,0.0015133016567510666,2.3648192089561676e-06
UCErZPJpHmLCsXs8ZWkAUupQ,autor,@dorisl.garciaroche7763,0.002857142857142857,1,0.0,0.24284144673408525,0.0013102170967186151,0.04426776459447964
UCFOxCyF926Y9eHhMeVoWLzw,autor,@arielsarc09,0.002857142857142857,1,0.0,0.03644314868804665,0.0015921333404745244,
UC72gBAtyb_VXQlYDcFrh6oQ,autor,@osmanmorales3012,0.002857142857142857,3,0.0,0.30284011645067743,0.0030759504354549902,0.13280329378343894
UCi1b_TRQfgO1Z9O2gNGGWNA,autor,@davidisraelesquitsaquil,0.002857142857142857,2,0.0,0.28522267384185895,0.0021930837660868027,0.08853552918895928
UCBlm80VQ4YoV3bUJR_XhkaQ,autor,@rosadiaz6945,0.002857142857142857,2,0.0,0.03752895752895753,0.0021339647774481214,
UColMq7LmaoY3MT6aIDGrGvA,autor,@quijotachapina1,0.002857142857142857,1,0.0,0.19841100207021636,0.0015012876402744307,0.0006549120980151285
UCat2qkYvqmtDNEmo2PVuhXw,autor,@DoraSalas-j5o,0.002857142857142857,1,0.0,0.027910983488872932,0.0012806576023992745,
UCSTAUWVc1_82DHYeqOsqEFA,autor,@TheAlexX_C,0.002857142857142857,1,0.0,0.03644314868804665,0.0015921333404745244,
UCcFIBN-rtC3d3hXeuN5TfWw,autor,@DenisRMC,0.002857142857142857,1,0.0,0.13698399112913764,0.0015133016567510666,2.3648192089561676e-06
UCV0lM03g5fg5pbPj97-sAtA,autor,@genarodelgado3929,0.002857142857142857,1,0.0,0.19841100207021636,0.0015012876402744307,0.0006549120980151285
UC_ljZ1hZXR9pzexFz87P5ZA,autor,@ChRiStOpHeR7969,0.002857142857142857,1,0.0,0.03644314868804665,0.0015921333404745244,
UCLXYp1Cvc5DLtq5UQL5D9vw,autor,@jorgecifuentes-m5g,0.002857142857142857,1,0.0,0.11052862551921921,0.0014900677837631298,1.1376519616251148e-08
UCfjhejO7LZy4doXURa7LZCQ,autor,@HonwayLee-z5g,0.002857142857142857,1,0.0,0.11052862551921921,0.0014900677837631298,1.1376519616251148e-08
UCplrIQtaPj6au60_f2-mOYw,autor,@romeolopezherrarte799,0.002857142857142857,1,0.0,0.24284144673408525,0.0013102170967186151,0.04426776459447964
UCql1n3Ey6ULMSOACjMe-fxQ,autor,@RolandoGonzalez-o7g,0.002857142857142857,1,0.0,0.1467274229895543,0.0012314659094801788,2.7197998543171786e-06
UCZFQwqh90apuL8eFhvRBkUg,autor,@luisricardo9671,0.002857142857142857,1,0.0,0.1467274229895543,0.0012314659094801788,2.7197998543171786e-06
UCyJhqmMbsvjpoarBBStA2kg,autor,@Murmullodelbarrio,0.002857142857142857,6,0.0,0.17254595118013494,0.005252043320128936,1.631879912590307e-05
UC63tFvbQ_hJhGDi2nbjssjw,autor,@AbigailRodas-w2r,0.002857142857142857,1,0.0,0.1467274229895543,0.0012314659094801788,2.7197998543171786e-06
UCtCtts20bW6F9CSohau51Iw,autor,@carlosgranados9875,0.002857142857142857,2,0.0,0.1611998948157042,0.00203558139160993,5.439599708634357e-06
UCcfdg8crmMJwEuLUsAhV7yg,autor,@RolandoRaguay,0.002857142857142857,1,0.0,0.24284144673408525,0.0013102170967186151,0.04426776459447964
UC6Uj1FT5JjDSF8vudvDxPAA,autor,@alfredoortega9264,0.002857142857142857,1,0.0,0.19841100207021636,0.0015012876402744307,0.0006549120980151285
UCj-LL25XJnjxepPKCc3NGog,autor,@anaaguirre8985,0.002857142857142857,1,0.0,0.24284144673408525,0.0013102170967186151,0.04426776459447964
UC1DpqK6vaPEkBOMNvypsKYg,autor,@HectorCarranza-u4j4o,0.002857142857142857,1,0.0,0.19841100207021636,0.0015012876402744307,0.0006549120980151285
UCpsKOkt5iWTbenzeuq7dsmQ,autor,@inge_vergueta,0.008571428571428572,3,0.128923454768727,0.28627820708249996,0.00332462039001333,0.04511062396978716
UCDftMWXQoJ6nONfY7GVOVjg,autor,@luisgpacheco5858,0.002857142857142857,1,0.0,0.24284144673408525,0.0013102170967186151,0.04426776459447964
UCYwpX26TrCxq8TvbKGRYLXA,autor,@beneficioelcaminovillacana8540,0.002857142857142857,1,0.0,0.24284144673408525,0.0013102170967186151,0.04426776459447964
UCUIIIPTVDVHAXqhC_5V6lPA,autor,@gorrarota,0.002857142857142857,1,0.0,0.24284144673408525,0.0013102170967186151,0.04426776459447964
UCzZ6dDCEsLMXbc5pCFXIprw,autor,@josegil3813,0.005714285714285714,2,0.17683176422431438,0.2106580389156525,0.002077696517018791,0.00041631204728360765
UCNIeXbV_mEwpa412h1aqUWw,autor,@juandeleon9060,0.002857142857142857,3,0.0,0.23153503906426245,0.0029660422499662637,0.0012407767422878714
UC_6KbBY1bsYXz9fwFS0eQRg,autor,@imrcp5694,0.002857142857142857,1,0.0,0.1759916798023953,0.001367816507721139,0.00018794727729239428
UCDQaQv0hr2SS_PO-CMEwVHg,autor,@federicosaquimux1933,0.002857142857142857,1,0.0,0.24284144673408525,0.0013102170967186151,0.04426776459447964
UCefAH1MbvADWUjE9WVcB9EQ,autor,@jabriz8152,0.002857142857142857,1,0.0,0.13698399112913764,0.0015133016567510666,2.3648192089561676e-06
UCEHXl4VvvVpq-_4xC5tsbhg,autor,@anibalg47,0.002857142857142857,1,0.0,0.1467274229895543,0.0012314659094801788,2.7197998543171786e-06
UCeQk-WfEA-cJRq4EKeE7TOw,autor,@franciscojuarez9223,0.002857142857142857,1,0.0,0.1467274229895543,0.0012314659094801788,2.7197998543171786e-06
UCkd9W714-947dEE6ZOEBATA,autor,@ARGELIATELON,0.002857142857142857,2,0.0,0.28522267384185895,0.0021930837660868027,0.08853552918895928
UCljDbleJul41G1TzOjOZAVA,autor,@hectorcarranza3777,0.002857142857142857,1,0.0,0.24284144673408525,0.0013102170967186151,0.04426776459447964
UCGGHbtfbbe0o68etrOf0qxw,autor,@karensussetteleonvargas9794,0.002857142857142857,1,0.0,0.19841100207021636,0.0015012876402744307,0.0006549120980151285
UCVdjCrh4tQoX3haNAZv-n5A,autor,@aurahernandez5646,0.002857142857142857,1,0.0,0.027910983488872932,0.0012806576023992745,
UCZeIIQrGAedW8tCbKWmGY-A,autor,@mariocordon8873,0.002857142857142857,1,0.0,0.19841100207021636,0.0015012876402744307,0.0006549120980151285
UCFUuDARXdmmIrLppEqf-rFg,autor,@allanmunoz7410,0.002857142857142857,1,0.0,0.24284144673408525,0.0013102170967186151,0.04426776459447964
UCCUmP4PlbwgikVFpYwbtRTg,autor,@alhvi,0.002857142857142857,1,0.0,0.13698399112913764,0.0015133016567510666,2.3648192089561676e-06
UCfXykdbSU97rj987LDUGfvg,autor,@MariaSantos-c8y3h,0.002857142857142857,1,0.0,0.11052862551921921,0.0014900677837631298,1.1376519616251148e-08
UC4Avya4kmR4Q0FrfFdBozSQ,autor,@davidlima1348,0.002857142857142857,1,0.0,0.19841100207021636,0.0015012876402744307,0.0006549120980151285
UChep9kVb5gQmpodEEl10Xlg,autor,@carlosaguilar-kz7ml,0.002857142857142857,1,0.0,0.24284144673408525,0.0013102170967186151,0.04426776459447964
UCtsxPYw8VUsH_FfnKg-0lmw,autor,@AlejandroPérez-b6r,0.002857142857142857,1,0.0,0.1467274229895543,0.0012314659094801788,2.7197998543171786e-06
UCRlCV9zSn7avAWh-9_XFWqQ,autor,@ronyarana8849,0.002857142857142857,1,0.0,0.24284144673408525,0.0013102170967186151,0.04426776459447964
UCfo_yUPzy1f1POwwZxhZ06Q,autor,@lara11roberto,0.002857142857142857,1,0.0,0.1467274229895543,0.0012314659094801788,2.7197998543171786e-06
UCTylKrsqkrBKIqubMu_5N0Q,autor,@edwingeovanymarroquinmarro6684,0.002857142857142857,1,0.0,0.24284144673408525,0.0013102170967186151,0.04426776459447964
UC5hvEnRUzI4Kfvwnyi4QxqQ,autor,@leonelsantizo5281,0.002857142857142857,1,0.0,0.19841100207021636,0.0015012876402744307,0.0006549120980151285
UCVhif9eV0f8plICen2DnpKA,autor,@blogarteplus,0.002857142857142857,1,0.0,0.1354252201858189,0.0015691590271952158,1.5186788054321317e-06
UC1vr9aaMI2crB0NvwFHUeoQ,autor,@JoseSimilox-p6e,0.002857142857142857,1,0.0,0.24284144673408525,0.0013102170967186151,0.04426776459447964
UCEgEQmRbtL5fwr9_DqAC--g,autor,@ArielRodas-g5y,0.002857142857142857,1,0.0,0.24284144673408525,0.0013102170967186151,0.04426776459447964
UCIUhbSCy3-SGRe5UtqM4fzQ,autor,@jeanmorales1677,0.002857142857142857,1,0.0,0.03644314868804665,0.0015921333404745244,
UCozFYHN0e_-vlQbX3wQGOug,autor,@jesusguzman2321,0.002857142857142857,1,0.0,0.027910983488872932,0.0012806576023992745,
UCQMMuADgqWUOcJpLwHOzC-g,autor,@Ripped-Yoda,0.002857142857142857,1,0.0,0.027910983488872932,0.0012806576023992745,
UC-QOpE7GOxlXcHZ8b7HbQKA,autor,@mariaalexander427,0.002857142857142857,2,0.0,0.03752895752895753,0.0021339647774481214,
UC0RpuMwkDKJYqgKHtsJRuWQ,autor,@sabinamarinaguerra3248,0.002857142857142857,1,0.0,0.03644314868804665,0.0015921333404745244,
UC-HeUTT6_g-VoiWds2a4H-w,autor,@JorgeMunoz-gd9et,0.002857142857142857,1,0.0,0.1467274229895543,0.0012314659094801788,2.7197998543171786e-06
UC2Y_EHWQKevubk4vOEBBFxw,autor,@alfonsomorales2653,0.002857142857142857,1,0.0,0.24284144673408525,0.0013102170967186151,0.04426776459447964
UCwEe1RKlEv1UpNWmWYfSh4w,autor,@marioramirez299,0.002857142857142857,1,0.0,0.13698399112913764,0.0015133016567510666,2.3648192089561676e-06
UCQtICyzWmhC5woCtbNgaSmg,autor,@nestormendez6216,0.002857142857142857,2,0.0,0.28522267384185895,0.0021930837660868027,0.08853552918895928
UCDlr1VadSucIZgZ171pRBjQ,autor,@cuabatzjj5924,0.002857142857142857,1,0.0,0.24284144673408525,0.0013102170967186151,0.04426776459447964
UCxKR3RA8T-kxMgq_2WWhRcQ,autor,@elenaluarca9377,0.002857142857142857,1,0.0,0.03644314868804665,0.0015921333404745244,
UCJxJC56BSAX-ArD0NAb9qnQ,autor,@alfonsowilian9157,0.002857142857142857,1,0.0,0.0038095238095238095,0.002194383313311013,
UCqilIa8r7iek5sGYg_q6ofA,autor,@rolandojuchuna484,0.002857142857142857,1,0.0,0.03644314868804665,0.0015921333404745244,
UCyor0Mmm0ivLX2jIdyGp84Q,autor,@MiguelJordan-n3g,0.002857142857142857,1,0.0,0.0038095238095238095,0.002194383313311013,
UCpe5jW3MIqkgTJ-PgkzvM6Q,autor,@carloslam5333,0.002857142857142857,1,0.0,0.19841100207021636,0.0015012876402744307,0.0006549120980151285
UCz3gu01bmjNv0DpRq-K3XYg,autor,@eusebiovasquez4385,0.002857142857142857,2,0.0,0.28522267384185895,0.0021930837660868027,0.08853552918895928
UCuXmOjxC-htcprLgeVXz6Tg,autor,@jorgeaguilar-bq3uj,0.002857142857142857,1,0.0,0.19841100207021636,0.0015012876402744307,0.0006549120980151285
UCySYJU5kUh7X8gVt9la2ISA,autor,@dantesarti4351,0.002857142857142857,1,0.0,0.24284144673408525,0.0013102170967186151,0.04426776459447964
UCHTGCgY2l-DQJIvlA_cpa_Q,autor,@virgiliogarcia3039,0.005714285714285714,3,0.23158411788784283,0.3095730388466999,0.003039314373625415,0.08894912143638857
UCPNXmbOBVeC4HS-xemvcPtQ,autor,@BelkisRodriguezRamirez,0.002857142857142857,1,0.0,0.027910983488872932,0.0012806576023992745,
UCtUR3_CAiE7fCoZHM6cMfyQ,autor,@mdelcid01,0.002857142857142857,1,0.0,0.24284144673408525,0.0013102170967186151,0.04426776459447964
UCGj2v6Gl5bN8NSrzJMXS-CA,autor,@juliogutierrez492,0.002857142857142857,1,0.0,0.1354252201858189,0.0015691590271952158,1.5186788054321317e-06
UCbrtvygfRT6QXqWDNrOf-cA,autor,@Alejandro00710,0.005714285714285714,2,0.0,0.1790467373154562,0.002453767737121778,0.0001903120965013505
UCOh6DaZC_x9HASnlRylEMfw,autor,@AndresMedina-v1s,0.002857142857142857,1,0.0,0.24284144673408525,0.0013102170967186151,0.04426776459447964
UCL1MT278vSaQ83ZDkVWn1gw,autor,@elmorodriguez6978,0.002857142857142857,1,0.0,0.24284144673408525,0.0013102170967186151,0.04426776459447964
UC8G5cJONY8L9voMyBW8Eoug,autor,@luisparedes-pw6qt,0.002857142857142857,1,0.0,0.24284144673408525,0.0013102170967186151,0.04426776459447964
UC7VUuJr9cGh845CmTvf7TlQ,autor,@LuisCastillo-oz4df,0.002857142857142857,1,0.0,0.24284144673408525,0.0013102170967186151,0.04426776459447964
UCFhxtoeARHPnXXPcDrOU3Xg,autor,@diegoalejandrolopezmendez205,0.002857142857142857,1,0.0,0.24284144673408525,0.0013102170967186151,0.04426776459447964
UCAlzM_N6xBlMYmM8EBzX86Q,autor,@carlossoto3252,0.002857142857142857,1,0.0,0.24284144673408525,0.0013102170967186151,0.04426776459447964
UClqA491Xa5fQcXcJJa-vTWw,autor,@AndresLemus-k2d,0.002857142857142857,1,0.0,0.19841100207021636,0.0015012876402744307,0.0006549120980151285
UCvDwJBBY1mHK70aTEYl6rsA,autor,@cristianescobedo8296,0.002857142857142857,1,0.0,0.1467274229895543,0.0012314659094801788,2.7197998543171786e-06
UCWWkebAekppaL5b5CNlppuw,autor,@ninettmartinez425,0.002857142857142857,1,0.0,0.005142857142857143,0.0019761768014137345,
UCjmPuazZJzscrwvk0QR9RVw,autor,@mynorrodas8591,0.002857142857142857,1,0.0,0.24284144673408525,0.0013102170967186151,0.04426776459447964
UCipetjeiWj4CZB6EbyYziZg,autor,@OseasSamayoa-ol5rz,0.002857142857142857,1,0.0,0.24284144673408525,0.0013102170967186151,0.04426776459447964
UCZIQnb1fkwe39Iw2TAu-bGA,autor,@jorgegomez2237,0.002857142857142857,1,0.0,0.1354252201858189,0.0015691590271952158,1.5186788054321317e-06
UCTP3O0rMnc8z8v8jaDQwL0w,autor,@RobertoZelaya-x1v,0.002857142857142857,1,0.0,0.24284144673408525,0.0013102170967186151,0.04426776459447964
UCsUCN0Yq_UyTvKjOJLmNrnQ,autor,@moisesvaldez4043,0.005714285714285714,2,0.03186246418338109,0.24645189674659224,0.0024773446736437695,0.044446212308644366
UC3UVO7pTbeYvZ3ILEyRDskQ,autor,@rosaelenaargueta79,0.002857142857142857,1,0.0,0.19841100207021636,0.0015012876402744307,0.0006549120980151285
UCuP4UK33HKtJE_S39ksmaTw,autor,@herbertaguilar1387,0.002857142857142857,1,0.0,0.19474797849320566,0.0012735810348890398,0.0004135922474292905
UClsrFGJKWPxxw7MiaEdKLXw,autor,@ericapaz5406,0.002857142857142857,1,0.0,0.19474797849320566,0.0012735810348890398,0.0004135922474292905
UCg3eIfd7BrsLEqS0BLkftHA,autor,@ErmePérez-q4s,0.002857142857142857,3,0.0,0.23153503906426245,0.0029660422499662637,0.0012407767422878714
UCq3mDTTRZnUybct5M9OSXbg,autor,@MacoMorales-i2i2d,0.002857142857142857,1,0.0,0.11052862551921921,0.0014900677837631298,1.1376519616251148e-08
UCGzXwyCzMzGmjmCbH3Hg01Q,autor,@FidelZacarias-ph7dy,0.002857142857142857,1,0.0,0.24284144673408525,0.0013102170967186151,0.04426776459447964
UC0HvfEWozTHbwl_iEmJNvVA,autor,@OttoPalencia-b7r,0.002857142857142857,1,0.0,0.1467274229895543,0.0012314659094801788,2.7197998543171786e-06
UC14qlobYKqD-DO0j6b75lcA,autor,@megavision4488,0.002857142857142857,1,0.0,0.1467274229895543,0.0012314659094801788,2.7197998543171786e-06
UCiGRBf2RNF0WRKhRVT7zFoA,autor,@edwinavila4876,0.002857142857142857,1,0.0,0.24284144673408525,0.0013102170967186151,0.04426776459447964
UCa36MjQLoPAmgJo-R3G8WQA,autor,@elsasalguero6914,0.002857142857142857,1,0.0,0.1467274229895543,0.0012314659094801788,2.7197998543171786e-06
UC3YpzAr7pcdKC7BVFEpYzog,autor,@carmenfigueroa1232,0.002857142857142857,1,0.0,0.1467274229895543,0.0012314659094801788,2.7197998543171786e-06
UCQqlPPUGqAfWjd-FSh_qn7Q,autor,@estuardoargueta137,0.002857142857142857,1,0.0,0.19841100207021636,0.0015012876402744307,0.0006549120980151285
UC8r11yOugM2NuRfitQOxLLg,autor,@cesaraugustomoralesmonroy6907,0.002857142857142857,1,0.0,0.24284144673408525,0.0013102170967186151,0.04426776459447964
UCusjriFsDHEc2AOjqk-p5ig,autor,@pablobarrios7931,0.002857142857142857,1,0.0,0.19474797849320566,0.0012735810348890398,0.0004135922474292905
UC5fvhAfm89JH8eDFdvc0xYw,autor,@isaidiaz2388,0.002857142857142857,1,0.0,0.03644314868804665,0.0015921333404745244,
UCAV7QIjYhbDJaycQycM_0eQ,autor,@mariavail8998,0.002857142857142857,1,0.0,0.19474797849320566,0.0012735810348890398,0.0004135922474292905
UC3E9mAgP7VoAE5mZoAexl5g,autor,@EnnioAroche,0.002857142857142857,1,0.0,0.24284144673408525,0.0013102170967186151,0.04426776459447964
UCB5p8a5gklc80jJItP6xTHg,autor,@ernestogamboa8737,0.002857142857142857,1,0.0,0.24284144673408525,0.0013102170967186151,0.04426776459447964
UC1NiEdJ7gk6FlDexIalWnGg,autor,@BorisTebalán,0.002857142857142857,1,0.0,0.1467274229895543,0.0012314659094801788,2.7197998543171786e-06
UCdQAuWwyC99MB7Y02Umj26Q,autor,@miguelbran1268,0.002857142857142857,1,0.0,0.13698399112913764,0.0015133016567510666,2.3648192089561676e-06
UCtowGNY2lnlg6O2CkwDgkLg,autor,@taniagabrielacelis8434,0.002857142857142857,1,0.0,0.0065306122448979586,0.0018670735454650957,
UCp_dAUfv8i3LW3zWc24dLaQ,autor,@MarioCortez-o6v,0.002857142857142857,1,0.0,0.027910983488872932,0.0012806576023992745,
UC_NRVt2UP88ZNTwzrZ66JSg,autor,@aditalissethevasquezrojas8039,0.002857142857142857,1,0.0,0.002857142857142857,0.002849002849002849,
UCylqlpsh8ENNM1LqgQ1KbxA,autor,@Jel.Awesh.M,0.005714285714285714,3,0.17830536225951701,0.27972208590541625,0.003458091522566622,0.045577588790509896
UCRvPToDkkumha7WJAfCDk1A,autor,@ligiaguerra3057,0.002857142857142857,1,0.0,0.19841100207021636,0.0015012876402744307,0.0006549120980151285
UCPZueDLrCS4BmTBRMA4q0fA,autor,@kevinochoa3695,0.002857142857142857,1,0.0,0.19474797849320566,0.0012735810348890398,0.0004135922474292905
UCHMQ_lDhibZ-XZ_3fo6oxwg,autor,@crislexrubi4387,0.002857142857142857,1,0.0,0.03644314868804665,0.0015921333404745244,
UC7dadZG7kkGYnsNu6td0FbA,autor,@lesolorzano,0.002857142857142857,1,0.0,0.19841100207021636,0.0015012876402744307,0.0006549120980151285
UCrJn_rbo_ENAdeqneS-RmRw,autor,@josecarrera9623,0.002857142857142857,2,0.0,0.28522267384185895,0.0021930837660868027,0.08853552918895928
UCFFrEmn6lPYiWyElpfzTy5Q,autor,@denilsonlopez4083,0.002857142857142857,1,0.0,0.13558345956908746,0.0016244245455000737,2.6400150976722055e-06
UCNiMNUJvaRJb0_QLClqwVnA,autor,@Santiago.Nolasco,0.002857142857142857,1,0.0,0.0065306122448979586,0.0018670735454650957,
UCs_5qeqdku9tGAq22y3OcuQ,autor,@alexandrevasquez4135,0.002857142857142857,1,0.0,0.03644314868804665,0.0015921333404745244,
UCCBYcToQ2dwkd6TJh0FSyDg,autor,@lidiarodriguez3493,0.002857142857142857,1,0.0,0.19841100207021636,0.0015012876402744307,0.0006549120980151285
UCxcoDvP-g2_KTZDmVZtvb3w,autor,@angelmartinez9523,0.002857142857142857,1,0.0,0.13698399112913764,0.0015133016567510666,2.3648192089561676e-06
UCW-JC6lebVmf2P1dmY_L94g,autor,@dinoraoroxon5771,0.002857142857142857,1,0.0,0.19841100207021636,0.0015012876402744307,0.0006549120980151285
UCgJNFj5dnxXpcMvmuhZDPxA,autor,@NataliaRodriguez-rx5mr,0.002857142857142857,1,0.0,0.19841100207021636,0.0015012876402744307,0.0006549120980151285
UCFoIAE8k82D6AV-8gjjKaNg,autor,@eddymunoz9789,0.002857142857142857,1,0.0,0.24284144673408525,0.0013102170967186151,0.04426776459447964
UCe8JZoYkX5oKUZyivHYdXhw,autor,@FernandoGarcia-jg1fj,0.002857142857142857,1,0.0,0.19841100207021636,0.0015012876402744307,0.0006549120980151285
UCnU8wO1OurAmGstDw6VGjgQ,autor,@cmorera21,0.002857142857142857,1,0.0,0.1759916798023953,0.001367816507721139,0.00018794727729239428
UCf5lnNZF7Qrtli9v4N_23WQ,autor,@CarlosCortez-v5r,0.002857142857142857,1,0.0,0.19474797849320566,0.0012735810348890398,0.0004135922474292905
UCW80DaMjQlEUibC98Cot-Dg,autor,@rogeraldana4289,0.002857142857142857,1,0.0,0.19841100207021636,0.0015012876402744307,0.0006549120980151285
UCDrmf9y9nLgFY5wnA2hTuGA,autor,@laboratorio5528,0.002857142857142857,1,0.0,0.19841100207021636,0.0015012876402744307,0.0006549120980151285
UCTD6q1nyIe3Y7HhqjaMj72w,autor,@JuanChang-r6k,0.002857142857142857,1,0.0,0.24284144673408525,0.0013102170967186151,0.04426776459447964
UC0aEyakBPqcBkVJiErfSupQ,autor,@jhonymanuel9891,0.002857142857142857,1,0.0,0.03644314868804665,0.0015921333404745244,
UC650pRT-OYzny3GwOH8Cgfw,autor,@edvinparedesherrera7632,0.002857142857142857,1,0.0,0.24284144673408525,0.0013102170967186151,0.04426776459447964
UCWoAVGVqCn4xtINCMOTM4jg,autor,@OmarMartinez-vv8re,0.002857142857142857,1,0.0,0.19841100207021636,0.0015012876402744307,0.0006549120980151285
UCDPWkUX3sNNaCx-m1dV4glA,autor,@hectoroliva949,0.002857142857142857,1,0.0,0.24284144673408525,0.0013102170967186151,0.04426776459447964
UCsGoJEvb-cFPZ2rWoJcXzEQ,autor,@sergiohinestroza9709,0.002857142857142857,1,0.0,0.19841100207021636,0.0015012876402744307,0.0006549120980151285
UCXXh7yg5KUFIWylTiKVEFKQ,autor,@MrDuenderojo,0.002857142857142857,2,0.0,0.28522267384185895,0.0021930837660868027,0.08853552918895928
UCfM3nrxtTQMY5jFx1v1J4Gg,autor,@edgarroldan5539,0.002857142857142857,1,0.0,0.24284144673408525,0.0013102170967186151,0.04426776459447964
UCp4iw5_5SmV9VGTFSNVGOmQ,autor,@CARLOSSTREMS51,0.002857142857142857,1,0.0,0.24284144673408525,0.0013102170967186151,0.04426776459447964
UCIp19h9igblA2YKfSLPDAug,autor,@JoseReyes-rn6sh,0.002857142857142857,1,0.0,0.03644314868804665,0.0015921333404745244,
UCwha8rxULYMVtNwZWeSkE1A,autor,@mariasamo8637,0.002857142857142857,1,0.0,0.24284144673408525,0.0013102170967186151,0.04426776459447964
UCHbwIx9pmQuf7i-4_xO2EpA,autor,@caminoseternos752,0.002857142857142857,1,0.0,0.19841100207021636,0.0015012876402744307,0.0006549120980151285
UCu8_3-Wg-YzNyvHYQDEscfw,autor,@RolandoCastroPérez-d7y,0.002857142857142857,1,0.0,0.19841100207021636,0.0015012876402744307,0.0006549120980151285
UCIgoiXdIKJyUGmUoH2Lxdzg,autor,@susievidal4134,0.002857142857142857,1,0.0,0.027910983488872932,0.0012806576023992745,
UCXN2s7DwTJm33xO-pNkAdaA,autor,@edithsan7688,0.002857142857142857,1,0.0,0.11052862551921921,0.0014900677837631298,1.1376519616251148e-08
UCgLrWFdYitoP-b7-PxtUr-w,autor,@zetag,0.002857142857142857,1,0.0,0.03644314868804665,0.0015921333404745244,
UCAKuKvcbfnBD3kF5njNu-IA,autor,@melvinlopez7096,0.002857142857142857,1,0.0,0.19841100207021636,0.0015012876402744307,0.0006549120980151285
UCFxE8GbokBrBsPEKM1xrOjQ,autor,@JuanDavila-qd7qj,0.002857142857142857,1,0.0,0.24284144673408525,0.0013102170967186151,0.04426776459447964
UCk4O-J1BhoqPmig1KLGJePA,autor,@lazarobarillas3575,0.002857142857142857,1,0.0,0.13558345956908746,0.0016244245455000737,2.6400150976722055e-06
UCUoYsrx1oZnCZ0usbBJn4fA,autor,@AnaDiaz-re9sq,0.002857142857142857,1,0.0,0.19841100207021636,0.0015012876402744307,0.0006549120980151285
UCHu8x4MVkayU6VgwVKd--MQ,autor,@Hernandez-i1o,0.002857142857142857,1,0.0,0.15495705176204624,0.001594478004275582,0.0001784477141647277
UC-jS_kA9w-OmpupXDx156Rg,autor,@simoncreyesc7579,0.002857142857142857,1,0.0,0.24284144673408525,0.0013102170967186151,0.04426776459447964
UChT7pzGytNd92Nmvi-zuWog,autor,@sparkvalkov,0.002857142857142857,1,0.0,0.13698399112913764,0.0015133016567510666,2.3648192089561676e-06
UChZknRmJkeGeQk0-mQuhDOg,autor,@OdilioRodríguez-c5w,0.002857142857142857,1,0.0,0.24284144673408525,0.0013102170967186151,0.04426776459447964
UCOARn3hnfkB7-_Rwa8Hoqcw,autor,@nicelol5241,0.002857142857142857,1,0.0,0.1354252201858189,0.0015691590271952158,1.5186788054321317e-06
UC9Wp6vL5oCU37qC3Aj94WZA,autor,@ManuelSanchez-b8q2z,0.002857142857142857,1,0.0,0.15495705176204624,0.001594478004275582,0.0001784477141647277
UCIXLDYqR_syskKRJy_x9W9Q,autor,@carlitosramirez4739,0.002857142857142857,1,0.0,0.11052862551921921,0.0014900677837631298,1.1376519616251148e-08
UCYN4wSQ1Sx4_LurxLlW7MPg,autor,@belarminavillatoro6474,0.002857142857142857,1,0.0,0.24284144673408525,0.0013102170967186151,0.04426776459447964
UCTTILH6QCIxbTnEWxwRqs1g,autor,@3762Jorge,0.002857142857142857,1,0.0,0.13698399112913764,0.0015133016567510666,2.3648192089561676e-06
UC5bG9nc_JV3FsNP2KseQiYw,autor,@giovannirodas4836,0.002857142857142857,1,0.0,0.24284144673408525,0.0013102170967186151,0.04426776459447964
UCKDR0f2fu2UzWL8mBv5-BHw,autor,@mireyamorales6595,0.002857142857142857,1,0.0,0.24284144673408525,0.0013102170967186151,0.04426776459447964
UCbYoNG5J3Au5BqtbXogfEFw,autor,@Luis-gn3fj,0.002857142857142857,1,0.0,0.19474797849320566,0.0012735810348890398,0.0004135922474292905
UCl0ekS9Tt0jJGtOEM18S63w,autor,@monkchapin,0.002857142857142857,1,0.0,0.24284144673408525,0.0013102170967186151,0.04426776459447964
UCVQf0tzL7xRzFJsABVVULpg,autor,@DennisseLopetegi,0.002857142857142857,1,0.0,0.19474797849320566,0.0012735810348890398,0.0004135922474292905
UCsSXdJct-nsS8DsABoEsaYA,autor,@IvánPérez-j4j,0.002857142857142857,1,0.0,0.24284144673408525,0.0013102170967186151,0.04426776459447964
UC9xr9QvIcDvoZNUX5f-jaZw,autor,@MariaaliciaColonmorales,0.002857142857142857,1,0.0,0.24284144673408525,0.0013102170967186151,0.04426776459447964
UCpl8rF8uv_8uui-QRvuJaRA,autor,@SergioGarcia-z9c,0.002857142857142857,1,0.0,0.24284144673408525,0.0013102170967186151,0.04426776459447964
UClhMWQ7XKWywYvbRnuf8QsA,autor,@EcPerez-zz9oh,0.002857142857142857,1,0.0,0.19841100207021636,0.0015012876402744307,0.0006549120980151285
UC4kg7zuTfqQKLd2bkZrSYBA,autor,@zoilagarcia9019,0.002857142857142857,1,0.0,0.13558345956908746,0.0016244245455000737,2.6400150976722055e-06
UCbNanjFI51cwGqMAb2rOrBw,autor,@RosaMontesdeOca777,0.002857142857142857,1,0.0,0.027910983488872932,0.0012806576023992745,
UC2weSE8rpqkGMOp6StYtVfg,autor,@katerynsantiago2907,0.002857142857142857,1,0.0,0.24284144673408525,0.0013102170967186151,0.04426776459447964
UCyzf29IYjNw67gGIfsjgtxA,autor,@carlosoliva9249,0.002857142857142857,1,0.0,0.03644314868804665,0.0015921333404745244,
UCaT6M2zp7X6r6Whd8Vv3kHQ,autor,@alexarcos8349,0.002857142857142857,1,0.0,0.03644314868804665,0.0015921333404745244,
UC3NMzdMYryaw82kPTnsaljg,autor,@marisosa7832,0.002857142857142857,1,0.0,0.24284144673408525,0.0013102170967186151,0.04426776459447964
UCSou6a2OuYGSvPjm5psquyA,autor,@FranciscoRivera-sf7ne,0.002857142857142857,1,0.0,0.24284144673408525,0.0013102170967186151,0.04426776459447964
UCtNyHmRZtvGF2hSvI2dUBWw,autor,@aureliomaldonado4793,0.002857142857142857,2,0.0,0.22109410619866485,0.002119811642427652,0.000827184494858581
UCGqKxQS-z3NZzZF-2w338AA,autor,@samuelaguilar529,0.002857142857142857,1,0.0,0.03644314868804665,0.0015921333404745244,
UCXO1BBohNWXkK9SBDAG2ySg,autor,@JBFlute92,0.002857142857142857,1,0.0,0.13698399112913764,0.0015133016567510666,2.3648192089561676e-06
UChyps3dqY-VY1_wLeq-2lhw,autor,@maydamorales4395,0.002857142857142857,1,0.0,0.1467274229895543,0.0012314659094801788,2.7197998543171786e-06
UCXgr7vXlRrsaskPdo097kGA,autor,@Rogergh-nw4oj,0.002857142857142857,1,0.0,0.24284144673408525,0.0013102170967186151,0.04426776459447964
UC4cXueR2bKGFJV0Fk76gwmA,autor,@aluxdel4792,0.002857142857142857,1,0.0,0.24284144673408525,0.0013102170967186151,0.04426776459447964
UCmvOgzmmXbjUthHy-WJ52hQ,autor,@mariorodas593,0.002857142857142857,1,0.0,0.24284144673408525,0.0013102170967186151,0.04426776459447964
UC6xI_MOaxajIWpoP8BH6E_Q,autor,@jahirdiaz5862,0.002857142857142857,1,0.0,0.002857142857142857,0.002849002849002849,
UCtMBF_1O2jY2INlb_luuB_A,autor,@mynorgudiel8646,0.002857142857142857,1,0.0,0.03644314868804665,0.0015921333404745244,
UCrqXyRsg-_hTosURZ-uvoKg,autor,@flornolberto2425,0.002857142857142857,1,0.0,0.027910983488872932,0.0012806576023992745,
UCGZMgmM92E3njyXNe9-kjAQ,autor,@pasionpornada,0.002857142857142857,1,0.0,0.027910983488872932,0.0012806576023992745,
UCOY3XpD9qMCRSA8AA8c4CAw,autor,@franciscorodas9686,0.002857142857142857,1,0.0,0.13698399112913764,0.0015133016567510666,2.3648192089561676e-06
UCfRqgt2O-vjzUDMZY_tnxQw,autor,@Williams-Garcia67E,0.002857142857142857,1,0.0,0.13558345956908746,0.0016244245455000737,2.6400150976722055e-06
UCjJf-AJKRFFWtiN-CSwkDmA,autor,@2jose82,0.002857142857142857,1,0.0,0.1759916798023953,0.001367816507721139,0.00018794727729239428
UCBtB5dIyx-C16UN8ClUD2UA,autor,@alexmonzon4257,0.002857142857142857,1,0.0,0.13558345956908746,0.0016244245455000737,2.6400150976722055e-06
UCDUffaruH6dyUnUGwsTKpgg,autor,@luisletona2842,0.002857142857142857,1,0.0,0.24284144673408525,0.0013102170967186151,0.04426776459447964
UCgGqw4aqMdMVSGkKiMgrJRQ,autor,@pattyfigueroa5609,0.002857142857142857,1,0.0,0.1467274229895543,0.0012314659094801788,2.7197998543171786e-06
UC32oozucwCF3q8d4m8fyOUg,autor,@RauldejesusOlivagonzalez,0.002857142857142857,1,0.0,0.19841100207021636,0.0015012876402744307,0.0006549120980151285
UCvApqeCbLod-wejtT4CcVuA,autor,@davidgaher9550,0.002857142857142857,1,0.0,0.24284144673408525,0.0013102170967186151,0.04426776459447964
UCHGd14aYuZZShLD73dkk6mg,autor,@noemiherrera3152,0.002857142857142857,1,0.0,0.005142857142857143,0.0019761768014137345,
UCiMythXHsw7eQEMykCdmMUA,autor,@JavierBecerra-h6x,0.002857142857142857,1,0.0,0.24284144673408525,0.0013102170967186151,0.04426776459447964
UC-fiZBS5Gp1eCJd9ucgWnCg,autor,@Tommii.10,0.002857142857142857,1,0.0,0.19841100207021636,0.0015012876402744307,0.0006549120980151285
UC5PrBbmUlQolwqmiru7yZhw,autor,@lazarochavez8269,0.002857142857142857,1,0.0,0.15495705176204624,0.001594478004275582,0.0001784477141647277
UC094EFEmMSdwVa8NQjjYBXg,autor,@CelestinoQuej-j7k,0.002857142857142857,1,0.0,0.15495705176204624,0.001594478004275582,0.0001784477141647277
UCGm3gRBEHGRJYmtCryZLtDw,autor,@JoséLopez-g6k,0.002857142857142857,1,0.0,0.15495705176204624,0.001594478004275582,0.0001784477141647277
UCwUAv3_LpWVtTIi7lkmTL7A,autor,@kingr4706,0.002857142857142857,1,0.0,0.03644314868804665,0.0015921333404745244,
UC5wuDq3U3vRAhOQI3D7gNdw,autor,@allanreneramirezgonzalez534,0.002857142857142857,1,0.0,0.1759916798023953,0.001367816507721139,0.00018794727729239428
UCsJJAvrVGupdmhOqgtDp8dg,autor,@nestorlorenzana1168,0.002857142857142857,1,0.0,0.24284144673408525,0.0013102170967186151,0.04426776459447964
UCtNfIBnc5S5DbbQj_yxgJTw,autor,@JosueRamirez-ey3ih,0.002857142857142857,1,0.0,0.24284144673408525,0.0013102170967186151,0.04426776459447964
UC-Iul5tDYH_oiAMXQH-KaaQ,autor,@AlbertoMancilla-p9h,0.002857142857142857,1,0.0,0.1467274229895543,0.0012314659094801788,2.7197998543171786e-06
UCyW68EGZey4ao_Vf2cR5Ztg,autor,@ZabalaXabier,0.002857142857142857,1,0.0,0.1354252201858189,0.0015691590271952158,1.5186788054321317e-06
UCZjm6U576nX8WOiLhmMR3bw,autor,@MariaNavarroYT,0.002857142857142857,1,0.0,0.027910983488872932,0.0012806576023992745,
UC_LYoGs5C3mbZKZuKuqYCvw,autor,@javiercifuentesarchila6041,0.002857142857142857,1,0.0,0.19841100207021636,0.0015012876402744307,0.0006549120980151285
UCRfkkatKrNtAARnXMMYBGlA,autor,@BernerSoza-mg3vx,0.002857142857142857,1,0.0,0.1467274229895543,0.0012314659094801788,2.7197998543171786e-06
UCA93ym2TXs_Ibyxb4Vcn-6Q,autor,@oswaldosolis8728,0.002857142857142857,1,0.0,0.24284144673408525,0.0013102170967186151,0.04426776459447964
UCAmtbUiIrUIhikru0ZoTFig,autor,@Aura-vf6dm,0.002857142857142857,1,0.0,0.24284144673408525,0.0013102170967186151,0.04426776459447964
UCr1emrogPKkKTs_WTtx71xg,autor,@domingopeneleu6457,0.002857142857142857,1,0.0,0.24284144673408525,0.0013102170967186151,0.04426776459447964
UCRznz9-N3Qc1w-qNdLSIY2Q,autor,@jimmygomez724,0.002857142857142857,1,0.0,0.03644314868804665,0.0015921333404745244,
UCY7Hq7F9Lnucf-Yr6JkHZNw,autor,@maynorcalel1442,0.002857142857142857,1,0.0,0.03644314868804665,0.0015921333404745244,
UCjSKM9j0Q7HLDr1hD6D-TUw,autor,@josehidalgo4875,0.002857142857142857,1,0.0,0.24284144673408525,0.0013102170967186151,0.04426776459447964
UCwCfs-2zbD5k0lG-UVg_JBw,autor,@JessicaHuaz-96,0.002857142857142857,1,0.0,0.11052862551921921,0.0014900677837631298,1.1376519616251148e-08
UC8xlJWNHz1V_W6q3fbuQH8g,autor,@NormaLópez-v7e,0.002857142857142857,1,0.0,0.19474797849320566,0.0012735810348890398,0.0004135922474292905
UCgQJgI9vu1FI2dnC9mrFthw,autor,@srms70,0.002857142857142857,1,0.0,0.19474797849320566,0.0012735810348890398,0.0004135922474292905
UCRETAiYdh2dL5ZxB0_N1zDA,autor,@Joseroland21,0.002857142857142857,1,0.0,0.24284144673408525,0.0013102170967186151,0.04426776459447964
UCi-vPdnpQreC7BkFs40mJGA,autor,@bryansicasales4280,0.002857142857142857,1,0.0,0.03644314868804665,0.0015921333404745244,
UCsjs5Hp_r86x1xbK6FAeqaA,autor,@alvaroesquivel563,0.002857142857142857,1,0.0,0.24284144673408525,0.0013102170967186151,0.04426776459447964
UCRcSR3Lvn9DZAmJpVPANfZQ,autor,@WalksandSuch,0.002857142857142857,1,0.0,0.03644314868804665,0.0015921333404745244,
UCGX_UbAQOXGZknv5iqklwTA,autor,@ronaldgarcia8522,0.002857142857142857,1,0.0,0.19474797849320566,0.0012735810348890398,0.0004135922474292905
UC-hfX8J5JPJ-dfuakzegMLA,autor,@normaleticiaorozcojuarez2418,0.002857142857142857,1,0.0,0.24284144673408525,0.0013102170967186151,0.04426776459447964
06mFNPU0aB8,video,Capturan a presuntos delincuentes disfrazados de mujer señalados de cometer asalto,0.037142857142857144,14,0.05471960704052395,0.12781727126452155,0.0175089303511094,1.8168771925070343e-07
3Nfp9h5avBI,video,"Noticiero en Directo 1 pm, 28 de Agosto de 2026",0.005714285714285714,2,1.637331150225133e-05,0.005714285714285714,0.004158241920386521,
6W4u8sGEnGM,video,Inician los trabajos de recuperación del Puente Belice II.,0.09142857142857143,45,0.187621776504298,0.1788397707944581,0.042587049609192386,4.3436327542934e-05
JkpVO1hx2f8,video,10 Preguntas a un año del Paro Nacional,0.008571428571428572,3,4.911993450675399e-05,0.008571428571428572,0.005467480991770194,
OkXlHx0hx-8,video,EE.UU. envía a mexicanos deportados a Guatemala antes de su regreso a México | Noticias Telemundo,0.05142857142857143,25,0.0025051166598444538,0.057260677466863044,0.025106067062525276,
PjmxCj-a9Hg,video,Conferencia de Prensa del Gobierno de Guatemala. #LaRondaGt,0.054285714285714284,25,0.24402783462955385,0.2556838302995963,0.02489845719622953,0.0066052390950965744
TT4qJ5FXHYE,video,"I’x K’at: el primer equipo guatemalteco de pelota maya, conformado únicamente por mujeres.",0.011428571428571429,4,9.823986901350798e-05,0.011428571428571429,0.006776720063153866,
UhL9y3KUl8E,video,SHAI WA: la vecina queer de Casa Presidencial,0.002857142857142857,1,0.0,0.002857142857142857,0.002849002849002849,
WIUZtitfLRw,video,Caminar en una ciudad hecha para carros,0.017142857142857144,6,0.023086369218174377,0.16232744278070055,0.00806224097378605,2.4253928067764033e-05
X_FAIef8qlE,video,Cruzando la ciudad a puro Transmetro,0.002857142857142857,1,0.0,0.002857142857142857,0.002849002849002849,
b_Hkrkl3adA,video,Bloqueos en Guatemala este 31 de agosto por alza en combustibles afectan rutas principales,0.02,7,0.0276545231273025,0.19121775517771067,0.009614467051270288,0.002849883732970577
is3Mk5oC19g,video,Capturan a ladrón que había quedado grabado mientras robaba en una parroquia de Retalhuleu,0.02,7,0.0276545231273025,0.16255484787688057,0.009861357965640024,4.216213201087846e-05
j43HgwYFKfk,video,La cooptación de Walter Mazariegos en la USAC,0.14,50,0.22773638968481377,0.26203514771233394,0.06319466982589136,0.010459216826593948
lj983NWyAQY,video,Plan 2032 Ciudad de Guatemala,0.07142857142857142,25,0.0049119934506754,0.07142857142857142,0.03427074056221097,
n8iP75gIpmw,video,Qué rico come tu diputado,0.3657142857142857,161,0.5654359394187475,0.34552434835320267,0.16729048325787446,0.7069744927991671
ndAZjHqzzT8,video,Internet: escoger el menos malo,0.02857142857142857,12,0.1283503888661482,0.22429945254088682,0.013282064576976435,0.0030015956815073516
s0eco-BofOs,video,¿Quiénes pagan más en Centroamérica?,0.002857142857142857,1,0.0,0.002857142857142857,0.002849002849002849,
yLZS3JiEBg8,video,Arroz con pollo a la MONOPOLIO,0.045714285714285714,16,0.06361031518624642,0.16457215797711489,0.020447900670114542,3.776713995226208e-05
zweosulrwA8,video,Edén por Salud: empleo inclusivo para personas con discapacidad en Antigua | Super - Episodio 2,0.002857142857142857,1,0.0,0.002857142857142857,0.002849002849002849,
